1523034082691,9.631578947368421,0.44321329639889195,0.631578947368421,2.0,0.0,0.0,1-14,1-17
1523034083744,9.733333333333333,2.1955555555555555,6.733333333333333,8.0,0.0,0.0,1-13,1-16
1523034083746,10.0,0.2,1,2.0,0.0,0.0,1-19,1-16
1523034084107,9.375,3.284375,6.375,8.0,0.0,0.0,1-17,1-14
1523034084109,9.3,2.51,4.3,5.981000000000002,0.0,0.0,1-11,1-14
1523034084184,17.0,2.2,2,4.991,0.0,0.0,1-14,1-11
1523034084238,10.566666666666666,0.5788888888888889,1.5666666666666667,3.0,0.0,0.0,1-16,1-13
1523034084318,9.65,1.5275,3.65,4.981000000000002,0.0,0.0,2-26,2-24
1523034084320,8.95,2.0475,2.95,5.0,0.0,0.0,2-22,2-24
1523034084499,10.6,0.24000000000000002,0.6,1.0,0.0,0.0,1-19,1-10
1523034084771,9.736842105263158,0.6149584487534625,0.7368421052631579,2.0,0.05,0.0,2-24,2-26
1523034084992,9.94,0.7764,1.94,3.9510000000000005,0.0,0.0,2-24,2-22
1523034085130,10.3,0.20999999999999996,0.3,1.0,0.0,0.0,1-10,1-19
1523034085132,10.6,0.54,1.6,3.0,0.0,0.0,1-16,1-19
1523034092701,9.631578947368421,0.39058171745152354,0.631578947368421,2.0,0.05,0.0,1-14,1-17
1523034093764,10.3,5.41,7.3,15.823000000000008,0.0,0.0,1-13,1-16
1523034093767,11.612244897959183,14.52311536859642,2.6122448979591835,12.0,0.025,0.0,1-19,1-16
1523034094124,9.491525423728813,2.4872163171502444,6.491525423728813,8.0,0.0,0.0,1-17,1-14
1523034094126,9.525,1.399375,4.525,5.9609999999999985,0.0,0.0,1-11,1-14
1523034094188,17.0,2.2,2,4.991,0.0,0.0,1-14,1-11
1523034094250,9.987341772151899,0.6200929338247075,1.9873417721518987,4.0,0.016666666666666666,0.0,1-16,1-13
1523034094333,9.8,0.86,3.8,5.0,0.0,0.0,2-26,2-24
1523034094335,9.275,1.249375,3.275,5.0,0.0,0.0,2-22,2-24
1523034094505,9.714285714285714,1.7959183673469388,3.7142857142857144,5.0,0.0,0.0,1-19,1-10
1523034094780,10.241379310344827,0.9417360285374554,1.2413793103448276,3.0,0.03333333333333333,0.0,2-24,2-26
1523034095006,9.9,0.69,1.9,3.9410000000000025,0.0,0.0,2-24,2-22
1523034095144,10.133333333333333,0.18222222222222223,1.1333333333333333,2.0,0.0,0.0,1-10,1-19
1523034095146,10.1,2.17,7.1,9.0,0.0,0.0,1-16,1-19
1523034102712,9.743589743589743,0.8829717291255753,2.7435897435897436,4.0,0.02857142857142857,0.0,1-14,1-17
1523034103775,9.88888888888889,4.832098765432099,6.888888888888889,15.733000000000004,0.0,0.0,1-13,1-16
1523034103778,11.144927536231885,10.906532241125813,2.1449275362318843,12.0,0.016666666666666666,0.0,1-19,1-16
1523034104133,9.670886075949367,1.9929498477808043,6.670886075949367,8.0,0.014285714285714285,0.0,1-17,1-14
1523034104136,9.64,1.1904000000000001,4.64,6.0,0.0,0.0,1-11,1-14
1523034104201,12.2,26.060000000000002,7.2,14.981000000000002,0.0,0.0,1-14,1-11
1523034104263,9.760683760683762,0.9341807290525239,4.760683760683761,7.0,0.022222222222222223,0.0,1-16,1-13
1523034104340,9.8,0.86,3.8,5.0,0.0,0.0,2-26,2-24
1523034104342,9.161764705882353,1.1650086505190311,3.161764705882353,5.0,0.0,0.0,2-22,2-24
1523034104520,9.987341772151899,1.404903060406986,3.9873417721518987,6.0,0.014285714285714285,0.0,1-19,1-10
1523034104794,10.256410256410257,0.7547666009204471,1.2564102564102564,3.0,0.025,0.0,2-24,2-26
1523034105011,9.78888888888889,0.5665432098765433,1.788888888888889,3.9110000000000014,0.0,0.0,2-24,2-22
1523034105161,9.758620689655173,0.39001189060642094,0.7586206896551724,2.0,0.025,0.0,1-10,1-19
1523034105164,10.085714285714285,1.6212244897959185,7.085714285714285,9.0,0.0,0.0,1-16,1-19
1523034112727,9.670103092783505,0.839621638856414,2.670103092783505,4.0,0.03333333333333333,0.0,1-14,1-17
1523034113796,9.792307692307693,3.4414792899408284,6.792307692307692,15.613000000000028,0.0,0.0,1-13,1-16
1523034113799,10.787878787878787,8.651974288337925,8.787878787878787,19.0,0.01,0.0,1-19,1-16
1523034114151,9.535353535353535,2.3901642689521476,6.5353535353535355,8.0,0.011111111111111112,0.0,1-17,1-14
1523034114154,9.277777777777779,2.467283950617284,5.277777777777778,7.0,0.0,0.0,1-11,1-14
1523034114210,10.925,14.769374999999998,5.925,14.960999999999999,0.0,0.0,1-14,1-11
1523034114278,9.682539682539682,0.9627110103300579,4.682539682539683,7.0,0.025,0.0,1-16,1-13
1523034114358,9.55,2.2808333333333333,5.55,7.0,0.0,0.0,2-26,2-24
1523034114360,9.161764705882353,1.1650086505190311,3.161764705882353,5.0,0.02857142857142857,0.0,2-22,2-24
1523034114533,9.944444444444445,1.1265432098765433,3.9444444444444446,6.0,0.02,0.0,1-19,1-10
1523034114807,10.256410256410257,0.7547666009204471,1.2564102564102564,3.0,0.025,0.0,2-24,2-26
1523034115024,9.686868686868687,0.6393225181103969,1.6868686868686869,3.902000000000001,0.01,0.0,2-24,2-22
1523034115175,9.588235294117647,1.6539792387543253,6.588235294117647,8.0,0.03333333333333333,0.0,1-10,1-19
1523034115177,10.088888888888889,1.3032098765432099,7.088888888888889,9.0,0.0,0.0,1-16,1-19
1523034122733,9.682242990654206,0.777535155908813,2.682242990654206,4.0,0.03,0.0,1-14,1-17
1523034123814,9.75625,2.8468359375000003,6.75625,15.523000000000025,0.0,0.0,1-13,1-16
1523034123817,10.465116279069768,7.318550567874526,8.465116279069768,19.0,0.00909090909090909,0.0,1-19,1-16
1523034124171,9.638655462184873,2.062707435915543,6.638655462184874,8.0,0.008333333333333333,0.0,1-17,1-14
1523034124173,9.43,2.4451,5.43,7.0,0.0,0.0,1-11,1-14
1523034124218,10.66,12.1444,5.66,14.951,0.0,0.0,1-14,1-11
1523034124285,9.628048780487806,0.8555547293277811,4.628048780487805,7.0,0.03076923076923077,0.0,1-16,1-13
1523034124373,9.475,2.099375,5.475,7.0,0.0,0.0,2-26,2-24
1523034124375,9.295454545454545,1.0036157024793388,3.2954545454545454,5.0,0.025,0.0,2-22,2-24
1523034124546,10.013513513513514,0.8917092768444119,4.013513513513513,6.0,0.015384615384615385,0.0,1-19,1-10
1523034124819,10.224489795918368,0.6230737192836318,1.2244897959183674,3.0,0.025,0.0,2-24,2-26
1523034125039,9.680672268907562,0.5702987077183814,1.680672268907563,3.882000000000005,0.00909090909090909,0.0,2-24,2-22
1523034125194,9.714285714285714,1.2448979591836735,6.714285714285714,8.0,0.025,0.0,1-10,1-19
1523034125196,10.088888888888889,1.3032098765432099,7.088888888888889,9.0,0.0,0.0,1-16,1-19
1523034132746,9.73228346456693,0.6842333684667369,2.732283464566929,4.0,0.025,0.0,1-14,1-17
1523034133836,9.735294117647058,2.7005190311418685,6.735294117647059,15.492999999999967,0.0,0.0,1-13,1-16
1523034133839,10.431654676258994,6.806479995859427,8.431654676258994,19.0,0.007692307692307693,0.0,1-19,1-16
1523034134190,9.635135135135135,2.2993060628195763,6.635135135135135,8.0,0.007692307692307693,0.0,1-17,1-14
1523034134192,9.463636363636363,2.248677685950413,5.463636363636364,7.0,0.0,0.0,1-11,1-14
1523034134228,10.32857142857143,9.02061224489796,5.328571428571428,14.930999999999997,0.0,0.0,1-14,1-11
1523034134299,9.561855670103093,1.1843182059730046,4.561855670103093,7.0,0.031578947368421054,0.0,1-16,1-13
1523034134384,9.533333333333333,1.8933333333333333,5.533333333333333,7.0,0.0,0.0,2-26,2-24
1523034134386,9.364406779661017,0.8587331226659006,3.364406779661017,5.0,0.01818181818181818,0.0,2-22,2-24
1523034134556,10.013513513513514,0.8917092768444119,4.013513513513513,6.0,0.013333333333333334,0.0,1-19,1-10
1523034134829,10.224489795918368,0.6230737192836318,1.2244897959183674,3.0,0.02,0.0,2-24,2-26
1523034135048,9.608695652173912,0.6005040957781979,1.608695652173913,3.8629999999999995,0.007692307692307693,0.0,2-24,2-22
1523034135213,9.744525547445255,0.9785284245298098,6.744525547445256,8.0,0.02,0.0,1-10,1-19
1523034135215,9.944954128440367,1.5382543556939652,6.944954128440367,9.0,0.0,0.0,1-16,1-19
1523034142761,9.73228346456693,0.6842333684667369,2.732283464566929,4.0,0.023076923076923078,0.0,1-14,1-17
1523034143853,9.66842105263158,2.8005817174515233,6.668421052631579,15.433000000000021,0.0,0.0,1-13,1-16
1523034143856,10.220125786163521,6.788022625687275,8.220125786163521,19.0,0.006666666666666667,0.0,1-19,1-16
1523034144210,9.74468085106383,1.8816206428248077,6.74468085106383,8.0,0.013333333333333334,0.0,1-17,1-14
1523034144213,9.474820143884893,1.8320997877956626,5.474820143884892,7.0,0.007142857142857143,0.0,1-11,1-14
1523034144241,10.090909090909092,5.937190082644628,5.090909090909091,14.891000000000005,0.0,0.0,1-14,1-11
1523034144315,9.535211267605634,1.131389274614825,4.535211267605634,7.0,0.03333333333333333,0.0,1-16,1-13
1523034144404,9.436363636363636,2.227768595041322,5.4363636363636365,7.0,0.0,0.0,2-26,2-24
1523034144406,9.34375,1.2568359375,7.34375,9.0,0.016666666666666666,0.0,2-22,2-24
1523034144571,10.013513513513514,0.8917092768444119,4.013513513513513,6.0,0.013333333333333334,0.0,1-19,1-10
1523034144842,10.08974358974359,1.6457922419460882,5.089743589743589,7.0,0.02857142857142857,0.0,2-24,2-26
1523034145063,9.521505376344086,0.5828708521216326,1.521505376344086,3.8149999999999977,0.01875,0.0,2-24,2-22
1523034145233,9.668965517241379,1.0352437574316289,6.6689655172413795,8.0,0.026845637583892617,0.0,1-10,1-19
1523034145235,9.976744186046512,1.3405444384351901,6.976744186046512,9.0,0.00909090909090909,0.0,1-16,1-19
1523034152774,9.705479452054794,0.6324357290298367,2.7054794520547945,4.0,0.02142857142857143,0.0,1-14,1-17
1523034153877,9.655,2.6759749999999998,6.655,15.402999999999963,0.0,0.0,1-13,1-16
1523034153880,10.101604278074866,5.909462666933569,8.101604278074866,19.0,0.011111111111111112,0.0,1-19,1-16
1523034154232,9.81651376146789,1.681929130544567,6.81651376146789,8.0,0.01,0.0,1-17,1-14
1523034154235,9.522012578616351,1.6331632451247973,5.522012578616352,7.0,0.00625,0.0,1-11,1-14
1523034154257,9.946153846153846,5.343254437869822,4.946153846153846,14.87100000000001,0.0,0.0,1-14,1-11
1523034154332,9.560538116591928,1.098353073659233,4.560538116591928,7.0,0.031818181818181815,0.0,1-16,1-13
1523034154424,9.486666666666666,2.409822222222222,5.486666666666666,7.0,0.0,0.0,2-26,2-24
1523034154427,9.304054054054054,1.6845781592403213,7.304054054054054,9.0,0.014285714285714285,0.0,2-22,2-24
1523034154587,10.025316455696203,0.847460342893767,4.025316455696203,6.0,0.0125,0.0,1-19,1-10
1523034154854,9.990654205607477,1.2989780766879204,4.990654205607477,7.0,0.03333333333333333,0.0,2-24,2-26
1523034155072,9.50462962962963,0.6759044924554184,5.50462962962963,7.784999999999997,0.01904761904761905,0.0,2-24,2-22
1523034155254,9.660919540229886,0.9252543268595588,6.660919540229885,8.0,0.026845637583892617,0.0,1-10,1-19
1523034155257,9.979865771812081,1.1875140759425251,6.97986577181208,9.0,0.006666666666666667,0.0,1-16,1-19
1523034162784,9.67878787878788,0.5937924701561065,2.6787878787878787,4.0,0.02666666666666667,0.0,1-14,1-17
1523034163900,9.655,2.6759749999999998,6.655,15.402999999999963,0.0,0.0,1-13,1-16
1523034163904,10.037037037037036,5.183813443072703,8.037037037037036,19.0,0.015,0.0,1-19,1-16
1523034164256,9.81578947368421,1.6151892890120036,6.815789473684211,8.0,0.008695652173913044,0.0,1-17,1-14
1523034164259,9.425837320574162,1.8904329113344474,6.425837320574162,8.0,0.005263157894736842,0.0,1-11,1-14
1523034164270,9.761111111111111,4.17070987654321,4.761111111111111,14.820999999999998,0.0,0.0,1-14,1-11
1523034164351,9.65843621399177,1.1960913817338144,4.658436213991769,7.0,0.029166666666666667,0.0,1-16,1-13
1523034164447,9.46368715083799,2.2933741144159048,5.4636871508379885,7.0,0.0,0.0,2-26,2-24
1523034164450,9.194444444444445,1.8510802469135803,7.194444444444445,9.0,0.022222222222222223,0.0,2-22,2-24
1523034164604,10.025316455696203,0.847460342893767,4.025316455696203,6.0,0.0125,0.0,1-19,1-10
1523034164869,10.034188034188034,1.2296004090875885,5.034188034188034,7.0,0.02727272727272727,0.0,2-24,2-26
1523034165088,9.50462962962963,0.6759044924554184,5.50462962962963,7.784999999999997,0.01818181818181818,0.0,2-24,2-22
1523034165274,9.699551569506726,0.8021074222284783,6.699551569506727,8.0,0.03333333333333333,0.0,1-10,1-19
1523034165277,9.874213836477987,1.4055614888651555,6.8742138364779874,9.0,0.006666666666666667,0.0,1-16,1-19
1523034172798,9.697142857142858,0.5768489795918367,2.697142857142857,4.0,0.029411764705882353,0.0,1-14,1-17
1523034173924,9.571428571428571,3.0639455782312925,6.571428571428571,15.37299999999999,0.0,0.0,1-13,1-16
1523034173928,9.925490196078432,4.806212995001922,7.925490196078432,19.0,0.01818181818181818,0.0,1-19,1-16
1523034174281,9.86046511627907,1.4689021092482422,6.8604651162790695,8.0,0.008333333333333333,0.0,1-17,1-14
1523034174284,9.455252918287938,1.6098654029584096,6.455252918287938,8.0,0.008695652173913044,0.0,1-11,1-14
1523034174285,9.65,4.2775,5.65,15.800999999999988,0.0,0.0,1-14,1-11
1523034174367,9.551470588235293,1.3944096020761245,4.551470588235294,7.0,0.026923076923076925,0.0,1-16,1-13
1523034174469,9.486772486772487,2.1863329694017524,5.4867724867724865,7.0,0.005555555555555556,0.0,2-26,2-24
1523034174472,9.15677966101695,1.9288099683998852,7.156779661016949,9.0,0.017391304347826087,0.0,2-22,2-24
1523034174621,10.023809523809524,0.8089569160997733,4.023809523809524,6.0,0.011764705882352941,0.0,1-19,1-10
1523034174885,10.047244094488189,1.1473742947485894,5.047244094488189,7.0,0.023076923076923078,0.0,2-24,2-26
1523034175104,9.52734375,0.6633148193359375,5.52734375,7.7450000000000045,0.017391304347826087,0.0,2-24,2-22
1523034175293,9.660079051383399,0.8172600728022622,6.660079051383399,8.0,0.030434782608695653,0.0,1-10,1-19
1523034175296,9.874213836477987,1.4055614888651555,6.8742138364779874,9.0,0.00625,0.0,1-16,1-19
1523034182811,9.708108108108108,0.5526369612856099,2.708108108108108,4.0,0.02631578947368421,0.0,1-14,1-17
1523034183950,9.571428571428571,3.0639455782312925,6.571428571428571,15.37299999999999,0.0,0.0,1-13,1-16
1523034183955,9.833898305084746,4.7690203964378055,7.8338983050847455,19.0,0.019230769230769232,0.0,1-19,1-16
1523034184303,9.59825327510917,3.821132320131195,5.598253275109171,15.771999999999991,0.004545454545454545,0.0,1-14,1-11
1523034184307,9.877697841726619,1.3735313907147664,6.877697841726619,8.0,0.007407407407407408,0.0,1-17,1-14
1523034184311,9.498316498316498,1.435182351007267,6.498316498316498,8.0,0.010714285714285714,0.0,1-11,1-14
1523034184378,9.561643835616438,1.3146931882154251,4.561643835616438,7.0,0.027586206896551724,0.0,1-16,1-13
1523034184492,9.411483253588516,2.328289187518601,5.411483253588517,7.0,0.004761904761904762,0.0,2-26,2-24
1523034184496,9.15677966101695,1.9288099683998852,7.156779661016949,9.0,0.016666666666666666,0.0,2-22,2-24
1523034184635,9.904255319148936,1.4695563603440471,6.904255319148936,9.0,0.011764705882352941,0.0,1-19,1-10
1523034184894,10.089171974522293,0.9856789322082031,5.089171974522293,7.0,0.02142857142857143,0.0,2-24,2-26
1523034185121,9.542372881355933,0.6821028440103418,5.5423728813559325,7.706000000000017,0.015384615384615385,0.0,2-24,2-22
1523034185316,9.652482269503546,0.7728484482671898,6.652482269503546,8.0,0.02857142857142857,0.0,1-10,1-19
1523034185319,9.781065088757396,1.7804698715030987,6.781065088757397,9.0,0.0058823529411764705,0.0,1-16,1-19
1523034192828,9.733333333333333,0.5442735042735043,2.7333333333333334,4.0,0.025,0.0,1-14,1-17
1523034193977,9.571428571428571,3.0639455782312925,6.571428571428571,15.37299999999999,0.0,0.0,1-13,1-16
1523034193981,9.846153846153847,4.345562130177514,7.846153846153846,19.0,0.016129032258064516,0.0,1-19,1-16
1523034194321,9.590361445783133,3.5350074998790344,5.590361445783133,15.75200000000001,0.004,0.0,1-14,1-11
1523034194334,9.85064935064935,1.367304773148929,6.85064935064935,8.0,0.006666666666666667,0.0,1-17,1-14
1523034194337,9.473186119873818,1.5300381136243768,6.473186119873817,8.0,0.01,0.0,1-11,1-14
1523034194398,9.561643835616438,1.3146931882154251,4.561643835616438,7.0,0.02666666666666667,0.0,1-16,1-13
1523034194517,9.420091324200913,2.2436146035320363,5.420091324200913,7.0,0.004545454545454545,0.0,2-26,2-24
1523034194521,9.178861788617887,1.8704474849626544,7.178861788617886,9.0,0.016,0.0,2-22,2-24
1523034194652,9.909090909090908,1.3957759412304866,6.909090909090909,9.0,0.010526315789473684,0.0,1-19,1-10
1523034194908,10.089171974522293,0.9856789322082031,5.089171974522293,7.0,0.01875,0.0,2-24,2-26
1523034195139,9.542372881355933,0.6821028440103418,5.5423728813559325,7.706000000000017,0.016666666666666666,0.0,2-24,2-22
1523034195342,9.748344370860927,1.0558747423358625,6.748344370860927,10.0,0.02666666666666667,0.0,1-10,1-19
1523034195345,9.758793969849247,1.6403121133304714,6.758793969849246,9.0,0.005263157894736842,0.0,1-16,1-19
1523034202844,9.705882352941176,0.5409457900807382,2.7058823529411766,4.0,0.023923444976076555,0.0,1-14,1-17
1523034204005,9.569565217391304,2.8190737240075614,6.569565217391304,15.31299999999996,0.0,0.0,1-13,1-16
1523034204010,9.855072463768115,4.100735139676538,7.855072463768116,19.0,0.014705882352941176,0.0,1-19,1-16
1523034204340,9.54121863799283,3.323569841086317,5.541218637992832,15.72199999999998,0.0038461538461538464,0.0,1-14,1-11
1523034204372,9.82874617737003,1.3223540854211673,6.82874617737003,8.0,0.009375,0.0,1-17,1-14
1523034204376,9.477064220183486,1.4910641640714866,6.477064220183486,8.0,0.00909090909090909,0.0,1-11,1-14
1523034204414,9.552980132450331,1.392888469803956,5.552980132450331,8.0,0.02666666666666667,0.0,1-16,1-13
1523034204533,9.447698744769875,2.3393147879063743,7.447698744769874,9.0,0.004347826086956522,0.0,2-26,2-24
1523034204536,9.178861788617887,1.8704474849626544,7.178861788617886,9.0,0.016,0.0,2-22,2-24
1523034204668,9.927884615384615,1.3457609097633136,6.927884615384615,9.0,0.009523809523809525,0.0,1-19,1-10
1523034204918,9.915254237288135,2.066264483386,6.915254237288136,9.0,0.01875,0.0,2-24,2-26
1523034205158,9.466666666666667,1.0425396825396827,6.466666666666667,8.685999999999979,0.016129032258064516,0.0,2-24,2-22
1523034205366,9.688821752265861,1.1871560135449657,6.688821752265861,10.0,0.02727272727272727,0.0,1-10,1-19
1523034205369,9.758793969849247,1.6403121133304714,6.758793969849246,9.0,0.005,0.0,1-16,1-19
1523034212859,9.705882352941176,0.5409457900807382,2.7058823529411766,4.0,0.023923444976076555,0.0,1-14,1-17
1523034214034,9.511538461538462,2.7806360946745565,7.5115384615384615,16.222999999999956,0.0,0.0,1-13,1-16
1523034214042,9.855072463768115,4.100735139676538,7.855072463768116,19.0,0.014285714285714285,0.0,1-19,1-16
1523034214351,9.491909385113269,3.1496109173552855,5.491909385113269,15.692000000000007,0.0034482758620689655,0.0,1-14,1-11
1523034214395,9.836795252225519,1.2879042696510492,6.836795252225519,8.0,0.008823529411764706,0.0,1-17,1-14
1523034214399,9.477064220183486,1.4910641640714866,6.477064220183486,8.0,0.00909090909090909,0.0,1-11,1-14
1523034214431,9.554487179487179,1.356005506245891,5.55448717948718,8.0,0.025806451612903226,0.0,1-16,1-13
1523034214556,9.479166666666666,2.15234375,7.479166666666667,9.0,0.0037174721189591076,0.0,2-26,2-24
1523034214559,9.18909090909091,1.7315173553719008,7.189090909090909,9.0,0.015384615384615385,0.0,2-22,2-24
1523034214683,9.940366972477063,1.2946090396431278,6.940366972477064,9.0,0.00909090909090909,0.0,1-19,1-10
1523034214926,9.881057268722467,2.0255002037687517,6.881057268722467,9.0,0.014285714285714285,0.0,2-24,2-26
1523034215176,9.466666666666667,1.0425396825396827,6.466666666666667,8.685999999999979,0.015625,0.0,2-24,2-22
1523034215401,9.695014662756599,1.1562508062366164,6.6950146627565985,10.0,0.025714285714285714,0.0,1-10,1-19
1523034215404,9.692660550458715,1.9468268664253852,6.692660550458716,9.0,0.005,0.0,1-16,1-19
1523034222872,9.719626168224298,0.5288671499694296,2.7196261682242993,4.0,0.02727272727272727,0.0,1-14,1-17
1523034224068,9.513793103448275,2.5187752675386443,7.5137931034482754,16.133000000000038,0.0,0.0,1-13,1-16
1523034224073,10.077114427860696,6.37465037994109,8.077114427860696,19.0,0.016666666666666666,0.0,1-19,1-16
1523034224366,9.492163009404388,3.058716011045489,5.492163009404389,15.682000000000016,0.0032258064516129032,0.0,1-14,1-11
1523034224425,9.849726775956285,1.226051837916928,6.8497267759562845,8.0,0.008571428571428572,0.0,1-17,1-14
1523034224429,9.489913544668587,1.4199270818626515,6.489913544668588,8.0,0.008823529411764706,0.0,1-11,1-14
1523034224450,9.562111801242237,1.3206762856371281,5.562111801242236,8.0,0.025,0.0,1-16,1-13
1523034224591,9.5,2.0681818181818183,7.5,9.0,0.006666666666666667,0.0,2-26,2-24
1523034224594,9.213559322033898,1.6391381786842862,7.213559322033898,9.0,0.016666666666666666,0.0,2-22,2-24
1523034224702,9.865546218487395,1.4777204999646918,6.8655462184873945,9.0,0.008333333333333333,0.0,1-19,1-10
1523034224944,9.89451476793249,1.9508981822713596,6.894514767932489,9.0,0.013043478260869565,0.0,2-24,2-26
1523034225190,9.473846153846154,1.0185467455621302,6.473846153846154,8.675999999999988,0.015625,0.0,2-24,2-22
1523034225427,9.706371191135734,1.1104580228819607,6.706371191135734,10.0,0.025,0.0,1-10,1-19
1523034225430,9.700389105058365,1.7040076306984209,6.700389105058366,9.0,0.0125,0.0,1-16,1-19
1523034232890,9.732142857142858,0.5175382653061225,2.732142857142857,4.0,0.02608695652173913,0.0,1-14,1-17
1523034234097,9.50625,2.3062109375,7.50625,16.04299999999995,0.0,0.0,1-13,1-16
1523034234102,10.020833333333334,6.325954861111111,8.020833333333334,19.0,0.01904761904761905,0.0,1-19,1-16
1523034234386,9.492163009404388,3.058716011045489,5.492163009404389,15.682000000000016,0.003125,0.0,1-14,1-11
1523034234454,9.889162561576354,1.1478135844111723,6.889162561576355,8.0,0.010256410256410256,0.0,1-17,1-14
1523034234459,9.405194805194805,1.7163366503626245,6.405194805194805,8.0,0.008108108108108109,0.0,1-11,1-14
1523034234463,9.562111801242237,1.3206762856371281,5.562111801242236,8.0,0.024242424242424242,0.0,1-16,1-13
1523034234612,9.5,2.0681818181818183,7.5,9.0,0.0064516129032258064,0.0,2-26,2-24
1523034234616,9.246153846153845,1.5209467455621302,7.246153846153846,9.0,0.016666666666666666,0.0,2-22,2-24
1523034234721,9.850806451612904,1.6188703173777317,6.850806451612903,9.0,0.008,0.0,1-19,1-10
1523034234957,9.906882591093117,1.8820174072677802,6.906882591093117,9.0,0.0125,0.0,2-24,2-26
1523034235206,9.481159420289854,0.9742827137156059,6.481159420289855,8.656000000000006,0.014705882352941176,0.0,2-24,2-22
1523034235456,9.706371191135734,1.1104580228819607,6.706371191135734,10.0,0.024324324324324326,0.0,1-10,1-19
1523034235459,9.711610486891386,1.6509138857327217,6.711610486891386,9.0,0.011111111111111112,0.0,1-16,1-19
1523034242906,9.703862660944205,0.5174528910092284,2.703862660944206,4.0,0.02608695652173913,0.0,1-14,1-17
1523034244130,9.48235294117647,2.349688581314879,7.482352941176471,15.983000000000004,0.0,0.0,1-13,1-16
1523034244135,9.940133037694013,6.335662066558178,7.940133037694014,19.0,0.01818181818181818,0.0,1-19,1-16
1523034244399,9.507374631268437,2.898913166436073,5.507374631268436,15.661999999999978,0.003125,0.0,1-14,1-11
1523034244478,9.566265060240964,1.2877776164900567,5.566265060240964,8.0,0.024242424242424242,0.0,1-16,1-13
1523034244487,9.814977973568283,1.4591589202196822,7.814977973568282,9.0,0.011111111111111112,0.0,1-17,1-14
1523034244491,9.424691358024692,1.646797744246304,6.424691358024691,8.0,0.01282051282051282,0.0,1-11,1-14
1523034244634,9.5125786163522,2.0108480677188405,7.512578616352202,9.0,0.0064516129032258064,0.0,2-26,2-24
1523034244638,9.194666666666667,1.8261048888888889,7.1946666666666665,9.0,0.014705882352941176,0.0,2-22,2-24
1523034244739,9.88888888888889,1.4251543209876543,6.888888888888889,9.0,0.007142857142857143,0.0,1-19,1-10
1523034244974,9.918287937743191,1.818225862617148,6.918287937743191,9.0,0.012,0.0,2-24,2-26
1523034245223,9.481159420289854,0.9742827137156059,6.481159420289855,8.656000000000006,0.014285714285714285,0.0,2-24,2-22
1523034245482,9.624678663239074,1.5455092155087529,7.624678663239075,11.0,0.02894736842105263,0.0,1-10,1-19
1523034245485,9.68231046931408,1.8846329288795631,6.682310469314079,9.0,0.011111111111111112,0.0,1-16,1-19
1523034252921,9.731225296442688,0.5206455342217501,2.731225296442688,4.0,0.026923076923076925,0.0,1-14,1-17
1523034254161,9.433604336043361,2.278111941011009,7.43360433604336,15.896000000000015,0.0,0.0,1-13,1-16
1523034254167,9.943600867678958,6.200723693187967,7.943600867678959,19.0,0.019148936170212766,0.0,1-19,1-16
1523034254419,9.493403693931398,2.6299037182977005,5.493403693931398,15.622000000000014,0.002777777777777778,0.0,1-14,1-11
1523034254499,9.523545706371191,1.5680051564981852,7.523545706371191,10.0,0.022857142857142857,0.0,1-16,1-13
1523034254515,9.805496828752643,1.4251706305396261,7.805496828752642,9.0,0.014893617021276596,0.0,1-17,1-14
1523034254520,9.431325301204819,1.613958484540572,6.4313253012048195,8.0,0.012195121951219513,0.0,1-11,1-14
1523034254665,9.495412844036696,1.968633392250933,7.495412844036697,9.0,0.00625,0.0,2-26,2-24
1523034254669,9.174683544303797,1.8251818618811089,7.1746835443037975,9.0,0.0125,0.0,2-22,2-24
1523034254749,9.88888888888889,1.4251543209876543,6.888888888888889,9.0,0.006896551724137931,0.0,1-19,1-10
1523034254988,9.890977443609023,1.7813471649047432,6.890977443609023,9.0,0.014814814814814815,0.0,2-24,2-26
1523034255243,9.481690140845071,0.9538901011704027,6.48169014084507,8.646000000000015,0.013888888888888888,0.0,2-24,2-22
1523034255512,9.665871121718377,1.4874032387603169,7.665871121718377,11.0,0.02619047619047619,0.0,1-10,1-19
1523034255516,9.682432432432432,1.7910427319211102,6.6824324324324325,9.0,0.010714285714285714,0.0,1-16,1-19
1523034262937,9.741444866920151,0.5110960112188987,2.741444866920152,4.0,0.025925925925925925,0.0,1-14,1-17
1523034264192,9.412371134020619,2.1856201509193327,7.412371134020619,15.838999999999999,0.005128205128205128,0.0,1-13,1-16
1523034264198,9.93125,5.972356770833334,7.93125,19.0,0.020833333333333332,0.0,1-19,1-16
1523034264441,9.50125313283208,2.510650058730787,5.501253132832081,15.601999999999975,0.0025,0.0,1-14,1-11
1523034264515,9.49056603773585,1.7809083049382088,7.490566037735849,10.0,0.024324324324324326,0.0,1-16,1-13
1523034264556,9.817444219066937,1.3784380927302724,7.817444219066937,9.0,0.014285714285714285,0.0,1-17,1-14
1523034264563,9.44,1.582870588235294,6.44,8.0,0.011627906976744186,0.0,1-11,1-14
1523034264695,9.510385756676557,1.923482640509294,7.510385756676558,9.0,0.00909090909090909,0.0,2-26,2-24
1523034264699,9.20045045045045,1.6737835808781756,7.20045045045045,9.0,0.011904761904761904,0.0,2-22,2-24
1523034264760,9.883792048929664,1.289248005686016,6.883792048929664,9.0,0.006666666666666667,0.0,1-19,1-10
1523034265005,9.925675675675675,1.6363677867056245,6.925675675675675,9.0,0.013793103448275862,0.0,2-24,2-26
1523034265260,9.481690140845071,0.9538901011704027,6.48169014084507,8.646000000000015,0.013888888888888888,0.0,2-24,2-22
1523034265543,9.665871121718377,1.4874032387603169,7.665871121718377,11.0,0.02558139534883721,0.0,1-10,1-19
1523034265547,9.70253164556962,1.702651818618811,6.7025316455696204,9.0,0.012903225806451613,0.0,1-16,1-19
1523034272953,9.752650176678445,0.49005481401940343,2.7526501766784452,4.0,0.025,0.0,1-14,1-17
1523034274219,9.4066985645933,2.1790938852132506,7.4066985645933014,15.74900000000008,0.005,0.0,1-13,1-16
1523034274225,9.924528301886792,5.432039871840513,7.9245283018867925,19.0,0.018518518518518517,0.0,1-19,1-16
1523034274464,9.480637813211844,2.509306199116858,5.480637813211845,15.562000000000012,0.002325581395348837,0.0,1-14,1-11
1523034274536,9.521197007481296,1.6660095397416683,7.521197007481296,10.0,0.023076923076923078,0.0,1-16,1-13
1523034274592,9.824561403508772,1.3337437160151842,7.824561403508772,9.0,0.013725490196078431,0.0,1-17,1-14
1523034274597,9.50900900900901,1.709378297216135,6.509009009009009,10.0,0.013333333333333334,0.0,1-11,1-14
1523034274721,9.526610644257703,1.8291238063852993,7.526610644257703,9.0,0.008571428571428572,0.0,2-26,2-24
1523034274726,9.209251101321586,1.6456412893710337,7.209251101321586,9.0,0.011135857461024499,0.0,2-22,2-24
1523034274780,9.883792048929664,1.289248005686016,6.883792048929664,9.0,0.00909090909090909,0.0,1-19,1-10
1523034275025,9.941176470588236,1.597846981930027,6.9411764705882355,9.0,0.013333333333333334,0.0,2-24,2-26
1523034275280,9.487671232876712,0.9347795083505348,6.487671232876712,8.636000000000024,0.013513513513513514,0.0,2-24,2-22
1523034275570,9.665871121718377,1.4874032387603169,7.665871121718377,11.0,0.02558139534883721,0.0,1-10,1-19
1523034275574,9.70253164556962,1.702651818618811,6.7025316455696204,9.0,0.0125,0.0,1-16,1-19
1523034282968,9.772277227722773,0.4728948142338986,2.772277227722772,4.0,0.02413793103448276,0.0,1-14,1-17
1523034284250,9.413551401869158,2.1350500043671934,7.413551401869159,15.718999999999937,0.004651162790697674,0.0,1-13,1-16
1523034284256,9.92,5.2554181818181815,7.92,19.0,0.017857142857142856,0.0,1-19,1-16
1523034284487,9.487750556792873,2.459204071408376,5.487750556792873,15.552000000000021,0.0022727272727272726,0.0,1-14,1-11
1523034284555,9.51590909090909,1.5542923553719008,7.515909090909091,10.0,0.020930232558139535,0.0,1-16,1-13
1523034284625,9.808118081180812,1.3949156465734398,7.808118081180812,9.0,0.013207547169811321,0.0,1-17,1-14
1523034284630,9.503239740820735,1.6538771930642957,6.503239740820734,10.0,0.013333333333333334,0.0,1-11,1-14
1523034284749,9.518617021276595,1.7602917043911273,7.5186170212765955,9.0,0.008108108108108109,0.0,2-26,2-24
1523034284754,9.225738396624472,1.5925020919012267,7.225738396624473,9.0,0.0125,0.0,2-22,2-24
1523034284800,9.907563025210084,1.2099428006496717,6.907563025210084,9.0,0.008571428571428572,0.0,1-19,1-10
1523034285042,9.889880952380953,1.8420404620181405,6.8898809523809526,9.0,0.012903225806451613,0.0,2-24,2-26
1523034285300,9.467914438502675,0.9334624953530269,6.467914438502674,8.62700000000001,0.013513513513513514,0.0,2-24,2-22
1523034285597,9.647196261682243,1.4759968119486417,7.647196261682243,11.0,0.02558139534883721,0.0,1-10,1-19
1523034285601,9.70253164556962,1.702651818618811,6.7025316455696204,9.0,0.0125,0.0,1-16,1-19
1523034292988,9.78594249201278,0.46855638007941286,2.7859424920127798,4.0,0.02258064516129032,0.0,1-14,1-17
1523034294284,9.391684901531729,2.1551168547610953,7.391684901531729,15.631999999999948,0.004545454545454545,0.0,1-13,1-16
1523034294289,9.969642857142857,5.3008641581632645,7.9696428571428575,19.0,0.017857142857142856,0.0,1-19,1-16
1523034294510,9.467948717948717,2.38999835634451,5.467948717948718,15.533000000000015,0.00425531914893617,0.0,1-14,1-11
1523034294577,9.539130434782608,1.5006427221172023,7.539130434782609,10.0,0.02127659574468085,0.0,1-16,1-13
1523034294661,9.815217391304348,1.3752756773787018,7.815217391304348,9.0,0.014285714285714285,0.0,1-17,1-14
1523034294666,9.503171247357294,1.6241971313508754,6.503171247357294,10.0,0.014893617021276596,0.0,1-11,1-14
1523034294783,9.55050505050505,1.7019946944189368,7.55050505050505,9.0,0.010256410256410256,0.0,2-26,2-24
1523034294788,9.238866396761134,1.5421331278991623,7.238866396761134,9.0,0.0125,0.0,2-22,2-24
1523034294821,9.896373056994818,1.144701871191173,6.896373056994818,9.0,0.010810810810810811,0.0,1-19,1-10
1523034295063,9.853932584269662,2.02922610781467,6.853932584269663,9.0,0.011764705882352941,0.0,2-24,2-26
1523034295311,9.467914438502675,0.9334624953530269,6.467914438502674,8.62700000000001,0.015789473684210527,0.0,2-24,2-22
1523034295630,9.614035087719298,1.4387503847337642,7.614035087719298,11.0,0.02727272727272727,0.0,1-10,1-19
1523034295634,9.704477611940298,1.6350545778569838,6.704477611940298,9.0,0.012121212121212121,0.0,1-16,1-19
1523034303006,9.801801801801801,0.4592159727294863,2.8018018018018016,4.0,0.021875,0.0,1-14,1-17
1523034304323,9.391684901531729,2.1551168547610953,7.391684901531729,15.631999999999948,0.006521739130434782,0.0,1-13,1-16
1523034304330,9.964406779661017,5.041106004021833,7.964406779661017,19.0,0.017241379310344827,0.0,1-19,1-16
1523034304533,9.451882845188285,2.4066805553124073,5.451882845188284,15.523000000000025,0.00425531914893617,0.0,1-14,1-11
1523034304599,9.557142857142857,1.430408163265306,7.557142857142857,10.0,0.02040816326530612,0.0,1-16,1-13
1523034304701,9.827402135231317,1.3634484112409924,7.827402135231317,9.0,0.014285714285714285,0.0,1-17,1-14
1523034304706,9.51966873706004,1.6988885031013035,6.519668737060042,10.0,0.014583333333333334,0.0,1-11,1-14
1523034304819,9.639908256880734,2.3588660466290716,7.639908256880734,13.0,0.00975609756097561,0.0,2-26,2-24
1523034304824,9.291666666666666,1.6510416666666667,7.291666666666667,10.0,0.011764705882352941,0.0,2-22,2-24
1523034304841,9.90625,1.0801532451923077,6.90625,9.0,0.009523809523809525,0.0,1-19,1-10
1523034305095,9.86436170212766,1.931070337256677,6.86436170212766,9.0,0.010526315789473684,0.0,2-24,2-26
1523034305333,9.426150121065374,0.9079844520399369,6.426150121065375,8.588000000000022,0.01707317073170732,0.0,2-24,2-22
1523034305663,9.614035087719298,1.4387503847337642,7.614035087719298,11.0,0.029787234042553193,0.0,1-10,1-19
1523034305667,9.689855072463768,1.6052593992858644,6.689855072463768,9.0,0.014285714285714285,0.0,1-16,1-19
1523034313026,9.97667638483965,1.4746746678679803,2.9766763848396502,9.658000000000015,0.02,0.0,1-14,1-17
1523034314364,9.368312757201647,2.162699622347542,7.368312757201646,15.544999999999959,0.00625,0.0,1-13,1-16
1523034314371,9.960591133004925,4.891714593090507,7.960591133004926,19.0,0.018032786885245903,0.0,1-19,1-16
1523034314554,9.452868852459016,2.362532753292126,5.452868852459017,15.512999999999977,0.004081632653061225,0.0,1-14,1-11
1523034314622,9.557142857142857,1.430408163265306,7.557142857142857,10.0,0.02,0.0,1-16,1-13
1523034314740,9.81186440677966,1.3188422866992244,7.811864406779661,9.0,0.014035087719298246,0.0,1-17,1-14
1523034314745,9.525354969574037,1.6692354216639442,6.525354969574036,10.0,0.014285714285714285,0.0,1-11,1-14
1523034314856,9.639908256880734,2.3588660466290716,7.639908256880734,13.0,0.00909090909090909,0.0,2-26,2-24
1523034314856,9.853211009174313,1.4096456527228347,7.853211009174312,10.0,0.00909090909090909,0.0,1-19,1-10
1523034314861,9.297709923664122,1.6938115494435055,7.297709923664122,10.0,0.011320754716981131,0.0,2-22,2-24
1523034315118,10.124050632911393,3.961826630347701,7.124050632911392,17.0,0.0125,0.0,2-24,2-26
1523034315350,9.436651583710407,0.9971181998730575,6.4366515837104075,9.0,0.01627906976744186,0.0,2-24,2-22
1523034315693,9.622317596566523,1.4110040708062406,7.622317596566524,11.0,0.029787234042553193,0.0,1-10,1-19
1523034315697,9.68051948051948,1.7031270028672627,6.6805194805194805,9.0,0.013513513513513514,0.0,1-16,1-19
1523034323038,9.97667638483965,1.4746746678679803,2.9766763848396502,9.658000000000015,0.02,0.0,1-14,1-17
1523034324405,9.37832699619772,2.0184656421229166,7.3783269961977185,15.425000000000068,0.007692307692307693,0.0,1-13,1-16
1523034324411,9.958664546899842,4.7423295361198665,7.958664546899841,19.0,0.0171875,0.0,1-19,1-16
1523034324578,9.458661417322835,2.2797871845743694,5.458661417322834,15.492999999999995,0.00392156862745098,0.0,1-14,1-11
1523034324640,9.556840077071291,1.368156488875524,7.556840077071291,10.0,0.021153846153846155,0.0,1-16,1-13
1523034324778,9.806138933764135,1.2774421196311734,7.806138933764136,9.0,0.01746031746031746,0.0,1-17,1-14
1523034324783,9.525354969574037,1.6692354216639442,6.525354969574036,10.0,0.014,0.0,1-11,1-14
1523034324876,9.853211009174313,1.4096456527228347,7.853211009174312,10.0,0.00909090909090909,0.0,1-19,1-10
1523034324884,9.618421052631579,2.4772045244690672,7.618421052631579,13.0,0.008888888888888889,0.0,2-26,2-24
1523034324889,9.312274368231048,1.6190912171408463,7.312274368231047,10.0,0.01090909090909091,0.0,2-22,2-24
1523034325139,10.193103448275862,4.073055885850178,8.193103448275862,18.0,0.011627906976744186,0.0,2-24,2-26
1523034325367,9.416851441241684,1.0014011730522465,6.416851441241685,9.0,0.01956521739130435,0.0,2-24,2-22
1523034325728,9.632352941176471,1.3879448838358872,7.632352941176471,11.0,0.029166666666666667,0.0,1-10,1-19
1523034325733,9.65990990990991,1.7965008927846766,7.65990990990991,10.0,0.0125,0.0,1-16,1-19
1523034333059,9.918848167539267,1.467236369617061,3.918848167539267,10.618999999999971,0.021621621621621623,0.0,1-14,1-17
1523034334447,9.373134328358208,2.0398752506126088,7.373134328358209,15.395000000000095,0.007407407407407408,0.0,1-13,1-16
1523034334453,9.958664546899842,4.7423295361198665,7.958664546899841,19.0,0.0171875,0.0,1-19,1-16
1523034334602,9.45945945945946,2.240634456850673,5.45945945945946,15.482999999999947,0.0038461538461538464,0.0,1-14,1-11
1523034334675,9.579234972677595,1.3147600704709008,7.579234972677596,10.0,0.020370370370370372,0.0,1-16,1-13
1523034334817,9.806138933764135,1.2774421196311734,7.806138933764136,9.0,0.01746031746031746,0.0,1-17,1-14
1523034334822,9.525354969574037,1.6692354216639442,6.525354969574036,10.0,0.014,0.0,1-11,1-14
1523034334896,9.834710743801653,1.3404480568267194,7.8347107438016526,10.0,0.011111111111111112,0.0,1-19,1-10
1523034334920,9.618421052631579,2.4772045244690672,7.618421052631579,13.0,0.008695652173913044,0.0,2-26,2-24
1523034334925,9.323232323232324,1.6261605958575656,7.3232323232323235,10.0,0.010169491525423728,0.0,2-22,2-24
1523034335158,10.15948275862069,3.8711169738406657,8.15948275862069,18.0,0.011111111111111112,0.0,2-24,2-26
1523034335390,9.41648590021692,0.9892292996927362,6.4164859002169194,9.0,0.019148936170212766,0.0,2-24,2-22
1523034335756,9.633744855967079,1.3637995563006995,7.633744855967078,11.0,0.028,0.0,1-10,1-19
1523034335760,9.669603524229075,1.7630848648333948,7.669603524229075,10.0,0.013043478260869565,0.0,1-16,1-19
1523034343080,9.88778054862843,1.436284600220148,3.887780548628429,10.600000000000023,0.020512820512820513,0.0,1-14,1-17
1523034344481,9.35929203539823,2.031971180202052,7.35929203539823,15.308000000000106,0.007272727272727273,0.0,1-13,1-16
1523034344487,9.960546282245827,4.5356209458852685,7.960546282245827,19.0,0.016923076923076923,0.0,1-19,1-16
1523034344638,9.463503649635037,2.1318796952421546,5.463503649635037,15.452999999999975,0.003703703703703704,0.0,1-14,1-11
1523034344693,9.584973166368515,1.2946579152012443,7.584973166368515,10.0,0.019642857142857142,0.0,1-16,1-13
1523034344857,9.816901408450704,1.2450351561639004,7.816901408450704,9.0,0.0171875,0.0,1-17,1-14
1523034344862,9.530815109343937,1.6407005284396998,6.530815109343936,10.0,0.014,0.0,1-11,1-14
1523034344930,9.829025844930417,1.3027757905845248,7.829025844930418,10.0,0.012244897959183673,0.0,1-19,1-10
1523034344956,9.62020202020202,2.31231915110703,7.62020202020202,13.0,0.008695652173913044,0.0,2-26,2-24
1523034344962,9.32137030995106,1.5949266703746185,7.32137030995106,10.0,0.011475409836065573,0.0,2-22,2-24
1523034345187,10.15948275862069,3.8711169738406657,8.15948275862069,18.0,0.01276595744680851,0.0,2-24,2-26
1523034345413,9.384615384615385,1.17223732608348,7.384615384615385,10.0,0.019148936170212766,0.0,2-24,2-22
1523034345791,9.644268774703557,1.3200956115546252,7.644268774703558,11.0,0.027450980392156862,0.0,1-10,1-19
1523034345796,9.694214876033058,1.6750904992828357,7.694214876033058,10.0,0.0125,0.0,1-16,1-19
1523034353101,9.844547563805104,1.49555611780729,3.8445475638051043,10.569999999999993,0.02142857142857143,0.0,1-14,1-17
1523034354519,9.328695652173913,2.137176559546314,7.328695652173913,15.278000000000134,0.008620689655172414,0.0,1-13,1-16
1523034354526,9.948539638386649,4.22127394522991,7.948539638386648,19.0,0.015492957746478873,0.0,1-19,1-16
1523034354658,9.42605633802817,2.255095715135886,6.426056338028169,16.432999999999993,0.0035714285714285713,0.0,1-14,1-11
1523034354716,9.588752196836555,1.2755149631981617,7.588752196836555,10.0,0.01929824561403509,0.0,1-16,1-13
1523034354891,9.822804314329739,1.230543137361972,7.822804314329738,9.0,0.016666666666666666,0.0,1-17,1-14
1523034354896,9.528028933092225,1.685019080537198,6.528028933092224,10.0,0.012962962962962963,0.0,1-11,1-14
1523034354948,9.829025844930417,1.3027757905845248,7.829025844930418,10.0,0.013725490196078431,0.0,1-19,1-10
1523034354993,9.634951456310679,2.2395550947308887,7.63495145631068,13.0,0.009615384615384616,0.0,2-26,2-24
1523034354998,9.327447833065811,1.5749609021742772,7.32744783306581,10.0,0.01129032258064516,0.0,2-22,2-24
1523034355205,10.15948275862069,3.8711169738406657,8.15948275862069,18.0,0.01276595744680851,0.0,2-24,2-26
1523034355444,9.384615384615385,1.17223732608348,7.384615384615385,10.0,0.018367346938775512,0.0,2-24,2-22
1523034355830,9.613475177304965,1.4037900508022736,7.613475177304965,11.0,0.02727272727272727,0.0,1-10,1-19
1523034355834,9.69838056680162,1.64384353128227,7.698380566801619,10.0,0.012,0.0,1-16,1-19
1523034363124,9.849223946784923,1.436246626122782,3.8492239467849223,10.550000000000011,0.02,0.0,1-14,1-17
1523034364559,9.328695652173913,2.137176559546314,7.328695652173913,15.278000000000134,0.008620689655172414,0.0,1-13,1-16
1523034364566,9.950617283950617,4.164913885078494,7.950617283950617,19.0,0.015068493150684932,0.0,1-19,1-16
1523034364677,9.432038834951456,2.12564017972162,6.432038834951456,16.383000000000038,0.003278688524590164,0.0,1-14,1-11
1523034364736,9.595854922279793,1.2598101067590182,7.595854922279793,10.0,0.01864406779661017,0.0,1-16,1-13
1523034364930,9.830045523520486,1.2184599372295817,7.830045523520486,9.0,0.016666666666666666,0.0,1-17,1-14
1523034364936,9.523560209424083,1.7328655099001307,7.523560209424084,11.0,0.012280701754385965,0.0,1-11,1-14
1523034364972,9.83430799220273,1.2805383612811538,7.834307992202729,10.0,0.013725490196078431,0.0,1-19,1-10
1523034365034,9.650467289719627,2.1675465106122807,7.650467289719626,13.0,0.009433962264150943,0.0,2-26,2-24
1523034365040,9.339969372128637,1.516886369659177,7.339969372128637,10.0,0.0109375,0.0,2-22,2-24
1523034365228,10.160337552742616,3.7928572700243905,8.160337552742616,18.0,0.01276595744680851,0.0,2-24,2-26
1523034365466,9.382,1.144076,7.382,10.0,0.0196078431372549,0.0,2-24,2-22
1523034365868,9.621951219512194,1.384953684031614,7.621951219512195,11.0,0.027586206896551724,0.0,1-10,1-19
1523034365872,9.710116731517509,1.5871739163348424,7.71011673151751,10.0,0.012,0.0,1-16,1-19
1523034373142,9.849223946784923,1.436246626122782,3.8492239467849223,10.550000000000011,0.01956521739130435,0.0,1-14,1-17
1523034374598,9.30420168067227,2.124268060165243,7.304201680672269,15.217999999999847,0.008333333333333333,0.0,1-13,1-16
1523034374605,9.942513368983958,4.070224699019132,7.942513368983957,19.0,0.014666666666666666,0.0,1-19,1-16
1523034374697,9.421052631578947,2.106606228489885,6.421052631578948,16.374000000000024,0.0032258064516129032,0.0,1-14,1-11
1523034374753,9.602716468590831,1.2445427056880385,7.602716468590832,10.0,0.018333333333333333,0.0,1-16,1-13
1523034374974,9.832618025751072,1.226632773981224,7.832618025751073,9.0,0.015942028985507246,0.0,1-17,1-14
1523034374979,9.517412935323383,1.801935595653573,7.517412935323383,11.0,0.011666666666666667,0.0,1-11,1-14
1523034374996,9.845303867403315,1.2246878910900156,7.845303867403315,10.0,0.012962962962962963,0.0,1-19,1-10
1523034375072,9.655045871559633,2.1305479336756163,7.655045871559633,13.0,0.009259259259259259,0.0,2-26,2-24
1523034375078,9.339969372128637,1.516886369659177,7.339969372128637,10.0,0.010606060606060607,0.0,2-22,2-24
1523034375243,10.14604462474645,3.6744113326942305,8.14604462474645,18.0,0.012244897959183673,0.0,2-24,2-26
1523034375490,9.375,1.2766826923076924,7.375,10.0,0.0196078431372549,0.0,2-24,2-22
1523034375904,9.634680134680135,1.3497063791676587,7.634680134680135,11.0,0.02666666666666667,0.0,1-10,1-19
1523034375909,9.715355805243446,1.6006256224662991,7.715355805243446,10.0,0.011320754716981131,0.0,1-16,1-19
1523034383164,9.869022869022869,1.3612233695393778,3.869022869022869,10.519999999999982,0.019148936170212766,0.0,1-14,1-17
1523034384644,9.302931596091206,2.0743562265912634,7.302931596091205,15.16099999999983,0.00819672131147541,0.0,1-13,1-16
1523034384651,9.916237113402062,3.9556126448081623,7.916237113402062,19.0,0.014492753623188406,0.0,1-19,1-16
1523034384724,9.426584234930449,2.0498651486231783,6.4265842349304485,16.354000000000042,0.0046875,0.0,1-14,1-11
1523034384778,9.604340567612688,1.2274269023776412,7.604340567612688,10.0,0.018333333333333333,0.0,1-16,1-13
1523034385009,9.83638928067701,1.211595425329384,7.83638928067701,9.0,0.015277777777777777,0.0,1-17,1-14
1523034385014,9.518760195758565,1.7765648576652147,7.518760195758564,11.0,0.011475409836065573,0.0,1-11,1-14
1523034385021,9.862129144851657,1.176454105485656,7.862129144851658,10.0,0.0125,0.0,1-19,1-10
1523034385116,9.614982578397212,2.201935801090216,7.614982578397212,13.0,0.00909090909090909,0.0,2-26,2-24
1523034385121,9.318903318903319,1.585169360061135,7.318903318903319,10.0,0.010447761194029851,0.0,2-22,2-24
1523034385266,10.140350877192983,3.539755822304299,8.140350877192983,18.0,0.013725490196078431,0.0,2-24,2-26
1523034385513,9.381132075471697,1.258511925952296,7.381132075471698,10.0,0.018518518518518517,0.0,2-24,2-22
1523034385934,9.634680134680135,1.3497063791676587,7.634680134680135,11.0,0.02622950819672131,0.0,1-10,1-19
1523034385940,9.722021660649819,1.5508868876174589,7.722021660649819,10.0,0.01090909090909091,0.0,1-16,1-19
1523034393195,9.868263473053892,1.339930916609894,3.8682634730538923,10.5,0.018,0.0,1-14,1-17
1523034394691,9.307692307692308,2.046351084812623,7.3076923076923075,15.130999999999858,0.00967741935483871,0.0,1-13,1-16
1523034394698,9.916237113402062,3.9556126448081623,7.916237113402062,19.0,0.017721518987341773,0.0,1-19,1-16
1523034394744,9.428360413589365,1.999668360500863,6.428360413589365,16.323999999999955,0.004545454545454545,0.0,1-14,1-11
1523034394801,9.605911330049262,1.2108681760456859,7.605911330049261,10.0,0.017741935483870968,0.0,1-16,1-13
1523034395045,9.862129144851657,1.176454105485656,7.862129144851658,10.0,0.01206896551724138,0.0,1-19,1-10
1523034395049,9.83638928067701,1.211595425329384,7.83638928067701,9.0,0.015277777777777777,0.0,1-17,1-14
1523034395055,9.524486571879937,1.7280733935795591,7.524486571879937,11.0,0.011111111111111112,0.0,1-11,1-14
1523034395157,9.62251655629139,2.205188368931187,7.622516556291391,13.0,0.010169491525423728,0.0,2-26,2-24
1523034395163,9.32409972299169,1.5376186493351034,7.32409972299169,10.0,0.011111111111111112,0.0,2-22,2-24
1523034395288,10.1203007518797,3.4441743456385323,8.1203007518797,18.0,0.013461538461538462,0.0,2-24,2-26
1523034395537,9.389473684210527,1.1886611265004616,7.389473684210526,10.0,0.018518518518518517,0.0,2-24,2-22
1523034395968,9.607843137254902,1.3952326028450597,7.607843137254902,11.0,0.02857142857142857,0.0,1-10,1-19
1523034395973,9.722021660649819,1.5508868876174589,7.722021660649819,10.0,0.010714285714285714,0.0,1-16,1-19
1523034403215,9.854901960784314,1.3279661668589005,3.854901960784314,10.490999999999985,0.01764705882352941,0.0,1-14,1-17
1523034404739,9.297045101088647,2.040846634046763,7.297045101088647,15.073999999999842,0.009523809523809525,0.0,1-13,1-16
1523034404746,9.916237113402062,3.9556126448081623,7.916237113402062,19.0,0.017721518987341773,0.0,1-19,1-16
1523034404771,9.472803347280335,2.1599995331547652,7.472803347280335,17.283999999999992,0.004347826086956522,0.0,1-14,1-11
1523034404828,9.630672926447575,1.181281393805364,7.630672926447574,10.0,0.016923076923076923,0.0,1-16,1-13
1523034405070,9.86106346483705,1.1590842892826776,7.861063464837049,10.0,0.01206896551724138,0.0,1-19,1-10
1523034405095,9.840877914951989,1.1845567052598502,7.840877914951989,9.0,0.015068493150684932,0.0,1-17,1-14
1523034405101,9.491176470588234,1.7616868512110726,7.491176470588235,11.0,0.013636363636363636,0.0,1-11,1-14
1523034405201,9.60410094637224,2.343263939336644,7.60410094637224,13.0,0.00967741935483871,0.0,2-26,2-24
1523034405208,9.319316688567675,1.4788515698791789,7.319316688567674,10.0,0.010526315789473684,0.0,2-22,2-24
1523034405312,10.1203007518797,3.4441743456385323,8.1203007518797,18.0,0.014814814814814815,0.0,2-24,2-26
1523034405561,9.368421052631579,1.1471606648199446,7.368421052631579,10.0,0.018032786885245903,0.0,2-24,2-22
1523034406007,9.648809523809524,1.3320223922902494,7.648809523809524,11.0,0.028125,0.0,1-10,1-19
1523034406012,9.722021660649819,1.5508868876174589,7.722021660649819,10.0,0.010714285714285714,0.0,1-16,1-19
1523034413236,9.861538461538462,1.3077514792899407,3.8615384615384616,10.480999999999995,0.018867924528301886,0.0,1-14,1-17
1523034414783,9.301684532924961,2.014652598795992,7.301684532924962,15.043999999999869,0.010769230769230769,0.0,1-13,1-16
1523034414791,9.900744416873449,3.918188031451459,7.900744416873449,19.0,0.017721518987341773,0.0,1-19,1-16
1523034414800,9.472184531886024,2.1081136810090415,7.4721845318860245,17.26400000000001,0.004166666666666667,0.0,1-14,1-11
1523034414850,9.611532625189682,1.2663920364925014,7.611532625189682,10.0,0.016666666666666666,0.0,1-16,1-13
1523034415089,9.867330016583749,1.1233605328800993,7.867330016583748,10.0,0.011475409836065573,0.0,1-19,1-10
1523034415140,9.834224598930481,1.1623580885927536,7.834224598930481,9.0,0.014666666666666666,0.0,1-17,1-14
1523034415146,9.491304347826087,1.7397794580970385,7.491304347826087,11.0,0.014285714285714285,0.0,1-11,1-14
1523034415246,9.601837672281777,2.288633682684934,7.601837672281777,13.0,0.010606060606060607,0.0015313935681470138,2-26,2-24
1523034415252,9.32295719844358,1.463792033187482,7.3229571984435795,10.0,0.011688311688311689,0.0,2-22,2-24
1523034415336,10.122775800711743,3.2714029710869923,8.122775800711743,18.0,0.014545454545454545,0.0,2-24,2-26
1523034415588,9.387345679012345,1.0953336953208352,7.387345679012346,10.0,0.01875,0.0,2-24,2-22
1523034416047,9.615384615384615,1.436116589962744,7.615384615384615,11.0,0.02535211267605634,0.0,1-10,1-19
1523034416053,9.726480836236934,1.508810960434144,7.7264808362369335,10.0,0.010714285714285714,0.0,1-16,1-19
1523034423259,9.868518518518519,1.269749657064472,3.8685185185185187,10.461000000000013,0.018867924528301886,0.0,1-14,1-17
1523034424828,9.464993394980185,2.077044022413441,7.464993394980185,17.244000000000028,0.004,0.0,1-14,1-11
1523034424832,9.301684532924961,2.014652598795992,7.301684532924962,15.043999999999869,0.010606060606060607,0.0,1-13,1-16
1523034424840,9.895833333333334,3.875178717320262,7.895833333333333,19.0,0.01707317073170732,0.0,1-19,1-16
1523034424875,9.533136966126657,1.6980919267483803,7.533136966126657,10.0,0.016176470588235296,0.0,1-16,1-13
1523034425114,9.867330016583749,1.1233605328800993,7.867330016583748,10.0,0.011475409836065573,0.0,1-19,1-10
1523034425187,9.831402831402832,1.1311631543291776,7.831402831402832,9.0,0.014492753623188406,0.0,1-17,1-14
1523034425193,9.497142857142856,1.7185632653061225,7.497142857142857,11.0,0.014084507042253521,0.0,1-11,1-14
1523034425292,9.607843137254902,2.259485996510218,7.607843137254902,13.0,0.010606060606060607,0.0015082956259426848,2-26,2-24
1523034425299,9.374209860935524,1.5944802543148986,7.374209860935524,11.210000000000036,0.01139240506329114,0.0,2-22,2-24
1523034425359,10.108433734939759,3.184455550256102,8.108433734939759,18.0,0.015254237288135594,0.0,2-24,2-26
1523034425610,9.36046511627907,1.1084369929691724,7.3604651162790695,10.0,0.01764705882352941,0.0,2-24,2-22
1523034426089,9.587044534412955,1.6729225742649991,7.587044534412955,11.0,0.024657534246575342,0.0,1-10,1-19
1523034426094,9.731164383561644,1.487658918183524,7.7311643835616435,10.0,0.010344827586206896,0.0,1-16,1-19
1523034433283,9.868518518518519,1.269749657064472,3.8685185185185187,10.461000000000013,0.01818181818181818,0.0,1-14,1-17
1523034434849,9.484316185696361,2.003831809687835,7.484316185696361,17.20399999999995,0.003947368421052632,0.0,1-14,1-11
1523034434882,9.306184012066366,1.9892076101817917,7.306184012066365,15.013999999999896,0.010606060606060607,0.0,1-13,1-16
1523034434889,9.894673123486683,3.835153222449566,7.894673123486683,19.0,0.016666666666666666,0.0,1-19,1-16
1523034434903,9.541364296081277,1.679348501540905,7.5413642960812775,10.0,0.015942028985507246,0.0,1-16,1-13
1523034435137,9.873194221508829,1.0930695722298513,7.873194221508828,10.0,0.011111111111111112,0.0,1-19,1-10
1523034435233,9.826302729528535,1.1906729306873387,7.826302729528536,9.0,0.016455696202531647,0.0,1-17,1-14
1523034435239,9.496,1.6953173333333333,7.496,11.0,0.013333333333333334,0.0,1-11,1-14
1523034435343,9.588410104011887,2.3699696861980577,7.588410104011887,13.0,0.010447761194029851,0.0014858841010401188,2-26,2-24
1523034435350,9.351851851851851,1.674965706447188,7.351851851851852,11.191000000000031,0.01125,0.0,2-22,2-24
1523034435377,10.108433734939759,3.184455550256102,8.108433734939759,18.0,0.015254237288135594,0.0,2-24,2-26
1523034435635,9.347949080622348,1.0953387923152793,7.347949080622348,10.0,0.017142857142857144,0.0,2-24,2-22
1523034436128,9.582666666666666,1.6564995555555555,7.582666666666666,11.0,0.025974025974025976,0.0,1-10,1-19
1523034436134,9.735099337748345,1.443072672251217,7.735099337748345,10.0,0.01,0.0,1-16,1-19
1523034443308,9.84330985915493,1.2377721434239237,3.8433098591549295,10.432999999999993,0.01818181818181818,0.0,1-14,1-17
1523034444881,9.477272727272727,1.9432633753806003,7.4772727272727275,17.164999999999964,0.004878048780487805,0.0,1-14,1-11
1523034444922,9.546494992846924,1.6584247678576178,7.546494992846924,10.0,0.015714285714285715,0.0,1-16,1-13
1523034444929,9.307803468208093,1.9182628053058906,7.307803468208093,14.926999999999907,0.011764705882352941,0.0,1-13,1-16
1523034444936,9.894673123486683,3.835153222449566,7.894673123486683,19.0,0.016666666666666666,0.0,1-19,1-16
1523034445164,9.872894333843798,1.0512254666294567,7.8728943338437976,10.0,0.0109375,0.0,1-19,1-10
1523034445282,9.826302729528535,1.1906729306873387,7.826302729528536,9.0,0.01707317073170732,0.0,1-17,1-14
1523034445289,9.488946684005201,1.6699038320078599,7.488946684005201,11.0,0.013157894736842105,0.0,1-11,1-14
1523034445389,9.521145975443384,2.623359123302357,7.521145975443384,13.0,0.009722222222222222,0.001364256480218281,2-26,2-24
1523034445396,9.357317073170732,1.6589098750743605,7.357317073170732,11.18100000000004,0.012048192771084338,0.0,2-22,2-24
1523034445401,10.101426307448495,3.12124994662963,8.101426307448495,18.0,0.014754098360655738,0.0,2-24,2-26
1523034445656,9.33921302578019,1.1440932748371133,7.3392130257801895,10.0,0.018055555555555554,0.0,2-24,2-22
1523034446171,9.592207792207793,1.6181210996795412,7.592207792207792,11.0,0.02564102564102564,0.0,1-10,1-19
1523034446177,9.735576923076923,1.434888128698225,7.735576923076923,10.0,0.009836065573770493,0.0,1-16,1-19
1523034453332,9.827938671209541,1.2191172160002786,3.82793867120954,10.413999999999987,0.022033898305084745,0.0,1-14,1-17
1523034454906,9.479214780600461,1.884671900751511,7.479214780600462,17.13499999999999,0.004651162790697674,0.0,1-14,1-11
1523034454950,9.540650406504065,1.6060711216868266,7.540650406504065,10.0,0.01643835616438356,0.0,1-16,1-13
1523034454980,9.313202247191011,1.8724099703320287,7.313202247191011,14.866999999999962,0.011267605633802818,0.0,1-13,1-16
1523034454988,9.890300230946883,3.675032935265536,7.890300230946882,19.0,0.01647058823529412,0.0,1-19,1-16
1523034455192,9.874811463046758,1.0386264727494432,7.874811463046757,10.0,0.010447761194029851,0.0,1-19,1-10
1523034455330,9.819148936170214,1.2403425381017052,7.819148936170213,9.0,0.016666666666666666,0.0,1-17,1-14
1523034455336,9.460122699386503,1.6079190033497686,7.460122699386503,11.0,0.015,0.0,1-11,1-14
1523034455427,10.083333333333334,3.009722222222222,8.083333333333334,18.0,0.015151515151515152,0.0,2-24,2-26
1523034455438,9.519515477792732,2.5914764812543813,7.519515477792732,13.0,0.009333333333333334,0.0013458950201884253,2-26,2-24
1523034455445,9.332530120481927,1.7424357671650457,7.332530120481928,11.17100000000005,0.012048192771084338,0.0,2-22,2-24
1523034455683,9.34136546184739,1.1324656053934614,7.341365461847389,10.0,0.017105263157894738,0.0,2-24,2-22
1523034456215,9.576971214017522,1.6883808139398278,7.576971214017522,11.0,0.025925925925925925,0.0,1-10,1-19
1523034456221,9.736593059936908,1.4148439132641384,7.736593059936909,10.0,0.009523809523809525,0.0,1-16,1-19
1523034463350,9.836304700162074,1.1676933139649426,3.8363047001620747,10.384000000000015,0.020967741935483872,0.0,1-14,1-17
1523034464935,9.48194130925508,1.8478680146140871,7.481941309255079,17.11500000000001,0.004545454545454545,0.0,1-14,1-11
1523034464977,9.537648612945839,1.5801545766592386,7.537648612945839,10.0,0.015789473684210527,0.0,1-16,1-13
1523034465031,9.27088948787062,2.135513764067393,7.27088948787062,14.777000000000044,0.010666666666666666,0.0,1-13,1-16
1523034465039,9.890300230946883,3.675032935265536,7.890300230946882,19.0,0.015909090909090907,0.0,1-19,1-16
1523034465218,9.859174964438122,1.0712067161868764,7.859174964438123,10.0,0.010294117647058823,0.0,1-19,1-10
1523034465394,9.824,1.2124525714285714,7.824,9.0,0.015909090909090907,0.0,1-17,1-14
1523034465401,9.452669902912621,1.5972744250164954,7.452669902912621,11.0,0.01904761904761905,0.0,1-11,1-14
1523034465455,10.082089552238806,2.967888171084874,8.082089552238806,18.0,0.014705882352941176,0.0,2-24,2-26
1523034465485,9.52722443559097,2.5626718447149868,7.52722443559097,13.0,0.009333333333333334,0.0013280212483399733,2-26,2-24
1523034465492,9.325882352941177,1.7773301038062284,7.325882352941177,11.150999999999954,0.011764705882352941,0.0,2-22,2-24
1523034465706,9.34136546184739,1.1324656053934614,7.341365461847389,10.0,0.017105263157894738,0.0,2-24,2-22
1523034466260,9.588522588522588,1.6560831652406744,7.588522588522588,11.0,0.02530120481927711,0.0,1-10,1-19
1523034466266,9.736593059936908,1.4148439132641384,7.736593059936909,10.0,0.009375,0.0,1-16,1-19
1523034473368,9.836304700162074,1.1676933139649426,3.8363047001620747,10.384000000000015,0.020634920634920634,0.0,1-14,1-17
1523034474968,9.470718232044199,1.851352522816764,7.470718232044199,17.096000000000004,0.005555555555555556,0.0,1-14,1-11
1523034475005,9.542372881355933,1.5624157514418933,7.5423728813559325,10.0,0.016666666666666666,0.0,1-16,1-13
1523034475093,9.260429835651074,2.106639006138911,7.260429835651075,14.63000000000011,0.011538461538461539,0.0,1-13,1-16
1523034475101,9.890300230946883,3.675032935265536,7.890300230946882,19.0,0.015909090909090907,0.0,1-19,1-16
1523034475246,9.858345021037868,1.0584752414092913,7.858345021037868,10.0,0.009722222222222222,0.0,1-19,1-10
1523034475448,9.828248587570622,1.2021398704076096,7.828248587570622,9.0,0.015748031496062992,0.0,1-17,1-14
1523034475455,9.453527435610303,1.607302786761285,7.453527435610303,11.0,0.019101123595505618,0.0,1-11,1-14
1523034475482,10.061428571428571,3.029083673469388,8.061428571428571,18.0,0.014285714285714285,0.0,2-24,2-26
1523034475535,9.512953367875648,2.537396977100056,7.512953367875648,13.0,0.010256410256410256,0.0012953367875647669,2-26,2-24
1523034475542,9.283464566929133,1.8589054320965785,7.283464566929134,11.111999999999966,0.012359550561797753,0.0,2-22,2-24
1523034475731,9.336814621409921,1.11370995780188,7.336814621409921,10.0,0.017105263157894738,0.0,2-24,2-22
1523034476308,9.597902097902098,1.599389538200727,7.5979020979020975,11.0,0.02528735632183908,0.0,1-10,1-19
1523034476314,9.736593059936908,1.4148439132641384,7.736593059936909,10.0,0.009375,0.0,1-16,1-19
1523034483390,9.828885400313972,1.2313163400851224,7.828885400313972,14.364000000000033,0.02,0.0,1-14,1-17
1523034484999,9.47103825136612,1.8338606706679805,7.47103825136612,17.086000000000013,0.005494505494505495,0.0,1-14,1-11
1523034485032,9.542372881355933,1.5624157514418933,7.5423728813559325,10.0,0.016666666666666666,0.0,1-16,1-13
1523034485139,9.265104808877929,2.061655321937417,7.265104808877928,14.570000000000164,0.01097560975609756,0.0,1-13,1-16
1523034485147,9.888261851015802,3.598124066874226,7.888261851015802,19.0,0.015730337078651686,0.0,1-19,1-16
1523034485276,9.852459016393443,1.0410731882110544,7.852459016393443,10.0,0.010810810810810811,0.0,1-19,1-10
1523034485504,9.82853982300885,1.1907341510689953,7.82853982300885,9.0,0.017582417582417582,0.0,1-17,1-14
1523034485511,9.444206008583691,1.6696338116377167,7.444206008583691,11.0,0.019148936170212766,0.0,1-11,1-14
1523034485511,10.068493150684931,2.918596359542128,8.068493150684931,18.0,0.0136986301369863,0.0,2-24,2-26
1523034485586,9.510611735330837,2.4646189765913706,7.510611735330836,13.0,0.010126582278481013,0.0012484394506866417,2-26,2-24
1523034485593,9.288097886540601,1.8424723552680584,7.2880978865406005,11.101999999999975,0.012087912087912088,0.0,2-22,2-24
1523034485762,9.351145038167939,1.10061573723365,7.351145038167939,10.0,0.017948717948717947,0.0,2-24,2-22
1523034486358,9.568080357142858,1.7230436363998725,7.568080357142857,11.0,0.026373626373626374,0.0,1-10,1-19
1523034486364,9.716692189892802,1.4067198394030145,7.716692189892802,10.0,0.010769230769230769,0.0,1-16,1-19
1523034493416,9.828885400313972,1.2313163400851224,7.828885400313972,14.364000000000033,0.02,0.0,1-14,1-17
1523034495032,9.43915343915344,1.905556955292405,7.439153439153439,17.05600000000004,0.005376344086021506,0.0,1-14,1-11
1523034495063,9.535623409669212,1.5438963670855752,7.535623409669212,10.0,0.0175,0.0,1-16,1-13
1523034495192,9.257003654080389,2.0496616674653323,7.25700365408039,14.53999999999985,0.010843373493975903,0.0,1-13,1-16
1523034495199,9.872767857142858,3.6378298389668364,7.872767857142857,19.0,0.015555555555555555,0.0,1-19,1-16
1523034495304,9.85545335085414,1.0172140191773396,7.855453350854139,10.0,0.011842105263157895,0.0,1-19,1-10
1523034495541,10.06891891891892,2.8803853177501826,8.06891891891892,18.0,0.013333333333333334,0.0,2-24,2-26
1523034495562,9.805038335158818,1.2697665100309632,7.805038335158817,9.0,0.017391304347826087,0.0,1-17,1-14
1523034495569,9.435550935550935,1.7281748004201227,7.4355509355509355,11.0,0.018367346938775512,0.0,1-11,1-14
1523034495639,9.510611735330837,2.4646189765913706,7.510611735330836,13.0,0.011111111111111112,0.0012484394506866417,2-26,2-24
1523034495647,9.292629262926292,1.8263593135991267,7.292629262926293,11.091999999999985,0.012087912087912088,0.0,2-22,2-24
1523034495789,9.346012269938651,1.0802755090519025,7.34601226993865,10.0,0.01728395061728395,0.0,2-24,2-22
1523034496413,9.574869109947644,1.6454417367944958,7.574869109947644,11.0,0.02577319587628866,0.0,1-10,1-19
1523034496419,9.713224368499256,1.4318756361372311,7.713224368499257,10.0,0.010606060606060607,0.0,1-16,1-19
1523034503441,9.792682926829269,1.3320196311719215,7.7926829268292686,14.345000000000027,0.02,0.0,1-14,1-17
1523034505066,9.441884816753927,1.888507442230202,7.441884816753927,17.04600000000005,0.005208333333333333,0.0,1-14,1-11
1523034505094,9.544910179640718,1.4767255907346983,7.544910179640719,10.0,0.01707317073170732,0.0,1-16,1-13
1523034505240,9.25,2.0208333333333335,7.25,14.482999999999834,0.011764705882352941,0.0,1-13,1-16
1523034505248,9.822649572649572,3.7313673387391337,7.822649572649572,19.0,0.015217391304347827,0.0,1-19,1-16
1523034505334,9.859922178988327,1.0076155581462247,7.8599221789883265,10.0,0.011688311688311689,0.0,1-19,1-10
1523034505569,10.057333333333334,2.8860462222222223,8.057333333333334,18.0,0.013157894736842105,0.0,2-24,2-26
1523034505619,9.802575107296137,1.2507229825563189,7.802575107296137,9.0,0.019148936170212766,0.0,1-17,1-14
1523034505626,9.435550935550935,1.7281748004201227,7.4355509355509355,11.0,0.018367346938775512,0.0,1-11,1-14
1523034505694,9.525564803804993,2.363496262447316,7.525564803804994,13.0,0.01097560975609756,0.0011890606420927466,2-26,2-24
1523034505702,9.390937829293994,2.750223461888228,7.390937829293994,17.05200000000002,0.011458333333333333,0.0,2-22,2-24
1523034505816,9.333333333333334,1.1773737373737374,7.333333333333333,10.0,0.017857142857142856,0.0,2-24,2-22
1523034506475,9.586934673366834,1.651487588697255,7.586934673366835,11.0,0.024752475247524754,0.0,1-10,1-19
1523034506481,9.685212298682284,1.5392688787945696,7.685212298682284,10.0,0.010144927536231883,0.0,1-16,1-19
1523034513462,9.79129129129129,1.3152995337680022,7.791291291291292,14.335000000000036,0.020895522388059702,0.0,1-14,1-17
1523034515094,9.441884816753927,1.888507442230202,7.441884816753927,17.04600000000005,0.005208333333333333,0.0,1-14,1-11
1523034515126,9.546745562130177,1.4620160358530863,7.5467455621301776,10.0,0.01744186046511628,0.0,1-16,1-13
1523034515297,9.258620689655173,1.961850971066191,7.258620689655173,14.392999999999915,0.011764705882352941,0.0,1-13,1-16
1523034515305,9.815544041450778,3.6364423205992105,7.815544041450777,19.0,0.015625,0.0,1-19,1-16
1523034515357,9.865992414664982,0.9858346345821593,7.865992414664981,10.0,0.01139240506329114,0.0,1-19,1-10
1523034515599,10.05921052631579,2.85044148199446,8.05921052631579,18.0,0.013157894736842105,0.0,2-24,2-26
1523034515667,9.803534303534304,1.336661105372124,7.803534303534303,9.0,0.01875,0.0,1-17,1-14
1523034515675,9.439300411522634,1.7133937492590898,7.439300411522634,11.0,0.018367346938775512,0.0,1-11,1-14
1523034515747,9.53774680603949,2.318261589783643,7.537746806039489,13.0,0.010465116279069767,0.0011614401858304297,2-26,2-24
1523034515755,9.37564499484004,2.7794274735585396,7.375644994840041,17.03200000000004,0.011458333333333333,0.0,2-22,2-24
1523034515846,9.349707602339182,1.1513888033924968,7.349707602339182,10.0,0.01744186046511628,0.0,2-24,2-22
1523034516523,9.577339901477833,1.7238214953044237,7.577339901477832,11.0,0.02403846153846154,0.0,1-10,1-19
1523034516529,9.69849931787176,1.5366553195766153,7.69849931787176,10.0,0.009859154929577466,0.0,1-16,1-19
1523034523482,9.786861313868613,1.288878469817252,7.786861313868613,14.316000000000031,0.02142857142857143,0.0,1-14,1-17
1523034525129,9.413065326633166,1.9891760309083104,7.413065326633165,17.005999999999972,0.00510204081632653,0.0,1-14,1-11
1523034525159,9.549199084668192,1.4283574821044254,7.549199084668192,10.0,0.017045454545454544,0.0,1-16,1-13
1523034525355,9.264044943820224,1.9246622901148844,7.264044943820225,14.33299999999997,0.011235955056179775,0.0,1-13,1-16
1523034525363,9.817258883248732,3.5686361411012912,7.817258883248731,19.0,0.015151515151515152,0.0,1-19,1-16
1523034525387,9.867665418227215,0.9737484823122159,7.867665418227216,10.0,0.01125,0.0,1-19,1-10
1523034525629,10.048101265822785,2.769838166960423,8.048101265822785,18.0,0.012658227848101266,0.0,2-24,2-26
1523034525727,9.812627291242363,1.317233626872296,7.812627291242363,9.0,0.01818181818181818,0.0,1-17,1-14
1523034525735,9.428,1.682816,7.428,11.0,0.0196078431372549,0.0,1-11,1-14
1523034525804,9.553916004540294,2.2811452778482817,7.553916004540295,13.0,0.010227272727272727,0.0011350737797956867,2-26,2-24
1523034525811,9.37564499484004,2.7794274735585396,7.375644994840041,17.03200000000004,0.011224489795918367,0.0,2-22,2-24
1523034525879,9.32994350282486,1.2922672284464873,7.329943502824859,10.0,0.017045454545454544,0.0,2-24,2-22
1523034526577,9.5732421875,1.7114324569702148,7.5732421875,11.0,0.024761904761904763,0.0,1-10,1-19
1523034526583,9.678331090174966,1.5963945229499557,7.678331090174966,10.0,0.00945945945945946,0.0,1-16,1-19
1523034533502,9.753956834532374,1.4516929765540085,7.753956834532374,14.30600000000004,0.02142857142857143,0.0,1-14,1-17
1523034535163,9.41592039800995,1.9722838543600405,7.41592039800995,16.99599999999998,0.005,0.0,1-14,1-11
1523034535191,9.554298642533936,1.416734915337524,7.5542986425339365,10.0,0.017977528089887642,0.0,1-16,1-13
1523034535409,9.264044943820224,1.9246622901148844,7.264044943820225,14.33299999999997,0.011111111111111112,0.0,1-13,1-16
1523034535419,9.817258883248732,3.5686361411012912,7.817258883248731,19.0,0.015,0.0,1-19,1-16
1523034535420,9.867665418227215,0.9737484823122159,7.867665418227216,10.0,0.011111111111111112,0.0,1-19,1-10
1523034535656,10.051219512195122,2.6778643664485426,8.051219512195122,18.0,0.012048192771084338,0.0,2-24,2-26
1523034535786,9.817540322580646,1.3084423370837668,7.817540322580645,9.0,0.01782178217821782,0.0,1-17,1-14
1523034535794,9.439805825242718,1.6444349137524743,7.439805825242718,11.0,0.019230769230769232,0.0,1-11,1-14
1523034535860,9.535353535353535,2.3901642689521476,7.5353535353535355,13.0,0.01,0.001122334455667789,2-26,2-24
1523034535867,9.37564499484004,2.7794274735585396,7.375644994840041,17.03200000000004,0.011224489795918367,0.0,2-22,2-24
1523034535906,9.331491712707182,1.2823784377766245,7.331491712707182,10.0,0.016483516483516484,0.0,2-24,2-22
1523034536626,9.562260536398467,1.7499550432318962,7.562260536398467,11.0,0.024761904761904763,0.0,1-10,1-19
1523034536632,9.678331090174966,1.5963945229499557,7.678331090174966,10.0,0.009333333333333334,0.0,1-16,1-19
1523034543531,9.737414965986394,1.4915933175991485,7.737414965986394,14.265999999999963,0.02112676056338028,0.0,1-14,1-17
1523034545194,9.411025145067699,1.9306714829267198,7.411025145067698,16.9670000000001,0.0058823529411764705,0.0,1-14,1-11
1523034545223,9.55592841163311,1.4034715653449044,7.55592841163311,10.0,0.017777777777777778,0.0,1-16,1-13
1523034545450,9.867665418227215,0.9737484823122159,7.867665418227216,10.0,0.011111111111111112,0.0,1-19,1-10
1523034545465,9.266666666666667,1.9066666666666667,7.266666666666667,14.302999999999997,0.01098901098901099,0.0,1-13,1-16
1523034545473,9.820100502512563,3.5364803919092953,7.820100502512563,19.0,0.01485148514851485,0.0,1-19,1-16
1523034545686,10.027122641509434,2.623085117034532,8.027122641509434,18.0,0.01411764705882353,0.0,2-24,2-26
1523034545844,9.816846229187071,1.2818317775298553,7.816846229187071,9.0,0.017475728155339806,0.0,1-17,1-14
1523034545852,9.439805825242718,1.6444349137524743,7.439805825242718,11.0,0.01904761904761905,0.0,1-11,1-14
1523034545917,9.538290788013319,2.3661808743768487,7.5382907880133185,13.0,0.00989010989010989,0.0011098779134295228,2-26,2-24
1523034545924,9.360080240722166,2.755999191154205,7.360080240722167,17.00400000000002,0.011224489795918367,0.0,2-22,2-24
1523034545939,9.328693790149893,1.2570567520599387,7.3286937901498925,10.0,0.016129032258064516,0.0,2-24,2-22
1523034546678,9.562260536398467,1.7499550432318962,7.562260536398467,11.0,0.024299065420560748,0.0,1-10,1-19
1523034546685,9.690036900369003,1.5964198018363946,7.6900369003690034,10.0,0.009210526315789473,0.0,1-16,1-19
1523034553560,9.744370860927152,1.4565080478926362,7.744370860927153,14.245999999999981,0.02,0.0,1-14,1-17
1523034555229,9.3954802259887,1.9019758051645441,7.395480225988701,16.939000000000078,0.0066100094428706326,0.0,1-14,1-11
1523034555254,9.555312157721795,1.3860424272015874,7.555312157721796,10.0,0.01827956989247312,0.0,1-16,1-13
1523034555479,9.876979293544458,0.9580693162582098,7.876979293544458,10.0,0.011111111111111112,0.0,1-19,1-10
1523034555521,9.261826182618261,1.891843089699509,7.261826182618262,14.275999999999954,0.011956521739130435,0.0,1-13,1-16
1523034555530,9.812749003984063,3.512745829431279,7.812749003984064,19.0,0.01485148514851485,0.0,1-19,1-16
1523034555711,10.0259009009009,2.5680228370262155,8.0259009009009,18.0,0.01348314606741573,0.0,2-24,2-26
1523034555905,9.808671065032987,1.3403960661655951,7.808671065032987,9.0,0.017757009345794394,0.0,1-17,1-14
1523034555912,9.439805825242718,1.6444349137524743,7.439805825242718,11.0,0.01904761904761905,0.0,1-11,1-14
1523034555967,9.33156779661017,1.247054321674806,7.3315677966101696,10.0,0.016842105263157894,0.0,2-24,2-22
1523034555974,9.547798066595059,2.352978502724511,7.5477980665950595,13.0,0.00967741935483871,0.0010741138560687433,2-26,2-24
1523034555982,9.35948361469712,2.730751669791105,7.35948361469712,17.0,0.01287128712871287,0.0,2-22,2-24
1523034556733,9.56641366223909,1.737050326037252,7.566413662239089,11.0,0.024074074074074074,0.0,1-10,1-19
1523034556740,9.650644783118405,1.7325816475607092,7.6506447831184055,10.0,0.008333333333333333,0.0,1-16,1-19
1523034563590,9.746405228758169,1.438957665855013,7.74640522875817,14.23599999999999,0.01948051948051948,0.0,1-14,1-17
1523034565263,9.371323529411764,1.8915306012110726,7.3713235294117645,16.91300000000001,0.008333333333333333,0.0,1-14,1-11
1523034565288,9.560130010834236,1.375311792414626,7.560130010834236,10.0,0.01827956989247312,0.0,1-16,1-13
1523034565511,9.876979293544458,0.9580693162582098,7.876979293544458,10.0,0.010843373493975903,0.0,1-19,1-10
1523034565580,9.261826182618261,1.891843089699509,7.261826182618262,14.275999999999954,0.011956521739130435,0.0,1-13,1-16
1523034565589,9.803747534516765,3.5601042991803116,7.8037475345167655,19.0,0.015533980582524271,0.0,1-19,1-16
1523034565737,10.017621145374449,2.534931785984591,8.017621145374449,18.0,0.013043478260869565,0.0,2-24,2-26
1523034565967,9.81313598519889,1.3378848001944272,7.8131359851988895,9.0,0.017272727272727273,0.0,1-17,1-14
1523034565975,9.444230769230769,1.6315051775147928,7.444230769230769,11.0,0.01904761904761905,0.0,1-11,1-14
1523034565998,9.333333333333334,1.2368972746331237,7.333333333333333,10.0,0.016666666666666666,0.0,2-24,2-22
1523034566031,9.547798066595059,2.352978502724511,7.5477980665950595,13.0,0.009574468085106383,0.0010741138560687433,2-26,2-24
1523034566039,9.353346456692913,2.7127447067394135,7.353346456692913,17.0,0.012745098039215686,0.0,2-22,2-24
1523034566792,9.580258302583026,1.6992781620620634,7.580258302583026,11.0,0.023853211009174313,0.0,1-10,1-19
1523034566799,9.648339060710194,1.701076851819049,7.648339060710195,10.0,0.007954545454545454,0.0,1-16,1-19
1523034573613,9.70807453416149,1.5681956714632923,7.708074534161491,14.196000000000026,0.01875,0.0,1-14,1-17
1523034575300,9.376353790613718,1.8628704596697467,7.376353790613718,16.89300000000003,0.010714285714285714,0.0,1-14,1-11
1523034575322,9.565217391304348,1.3507307851906496,7.565217391304348,10.0,0.017708333333333333,0.0,1-16,1-13
1523034575543,9.883472057074911,0.9448041160444011,7.88347205707491,10.0,0.010714285714285714,0.0,1-19,1-10
1523034575638,9.2497308934338,1.9699272688087819,7.249730893433799,14.216000000000008,0.011956521739130435,0.0,1-13,1-16
1523034575646,9.7978515625,3.5733938217163086,7.7978515625,19.0,0.015533980582524271,0.0,1-19,1-16
1523034575771,10.021321961620469,2.4600997449547872,8.021321961620469,18.0,0.01276595744680851,0.0,2-24,2-26
1523034576022,9.81576535288726,1.3271941667555813,7.81576535288726,9.0,0.017117117117117116,0.0,1-17,1-14
1523034576030,9.45,1.6059905660377358,7.45,11.0,0.018867924528301886,0.0,1-11,1-14
1523034576032,9.329603255340794,1.2179130674156489,7.3296032553407935,10.0,0.01717171717171717,0.0,2-24,2-22
1523034576089,9.547368421052632,2.323545706371191,7.5473684210526315,13.0,0.009473684210526316,0.0010526315789473684,2-26,2-24
1523034576097,9.355750487329434,2.68923106444908,7.355750487329435,17.0,0.013592233009708738,0.0,2-22,2-24
1523034576851,9.580258302583026,1.6992781620620634,7.580258302583026,11.0,0.023423423423423424,0.0,1-10,1-19
1523034576858,9.63265306122449,1.734014336131875,7.63265306122449,10.0,0.00989010989010989,0.0,1-16,1-19
1523034583645,9.712883435582823,1.5519199066581355,7.712883435582822,14.186000000000035,0.018072289156626505,0.0,1-14,1-17
1523034585337,9.369740376007162,1.8552347580206285,7.3697403760071625,16.884000000000015,0.010714285714285714,0.0,1-14,1-11
1523034585353,9.558237145855195,1.3672799983263764,7.558237145855194,10.0,0.01752577319587629,0.0,1-16,1-13
1523034585572,9.883472057074911,0.9448041160444011,7.88347205707491,10.0,0.010588235294117647,0.0,1-19,1-10
1523034585699,9.24236037934668,1.9623362621182965,7.242360379346681,14.156000000000063,0.011578947368421053,0.0,1-13,1-16
1523034585708,9.797872340425531,3.5403823202600933,7.797872340425532,19.0,0.015238095238095238,0.0,1-19,1-16
1523034585802,10.022151898734178,2.4351633018212895,8.022151898734178,18.0,0.0125,0.0,2-24,2-26
1523034586058,9.307385229540918,1.3266720052908156,7.307385229540918,10.0,0.017,0.0,2-24,2-22
1523034586088,9.818346957311535,1.316684279257318,7.818346957311535,9.0,0.016964285714285713,0.0,1-17,1-14
1523034586096,9.45,1.6059905660377358,7.45,11.0,0.018518518518518517,0.0,1-11,1-14
1523034586141,9.552083333333334,2.3035373263888888,7.552083333333333,13.0,0.010416666666666666,0.0010416666666666667,2-26,2-24
1523034586149,9.355750487329434,2.68923106444908,7.355750487329435,17.0,0.013461538461538462,0.0,2-22,2-24
1523034586913,9.584095063985375,1.685341182918963,7.584095063985375,11.0,0.023214285714285715,0.0,1-10,1-19
1523034586920,9.646201873048907,1.6916843255323917,7.646201873048907,10.0,0.009473684210526316,0.0,1-16,1-19
1523034593673,9.707434052757794,1.525915957881177,7.707434052757794,14.16700000000003,0.018823529411764704,0.0,1-14,1-17
1523034595376,9.36561954624782,1.8183293282043316,7.365619546247818,16.855000000000018,0.011304347826086957,0.0,1-14,1-11
1523034595387,9.565615462868768,1.334199188855508,7.565615462868769,10.0,0.017346938775510204,0.0,1-16,1-13
1523034595604,9.86013986013986,0.9617911226302834,7.86013986013986,10.0,0.012790697674418604,0.0,1-19,1-10
1523034595756,9.235955056179776,1.9637327701966005,7.235955056179775,14.066000000000145,0.01134020618556701,0.0,1-13,1-16
1523034595765,9.797872340425531,3.5403823202600933,7.797872340425532,19.0,0.015238095238095238,0.0,1-19,1-16
1523034595833,9.99896694214876,2.505164222047674,7.99896694214876,18.0,0.012244897959183673,0.0,2-24,2-26
1523034596090,9.304603330068561,1.310742766257275,7.30460333006856,10.0,0.018446601941747572,0.0,2-24,2-22
1523034596146,9.816964285714286,1.3031050701530613,7.816964285714286,9.0,0.017543859649122806,0.0,1-17,1-14
1523034596155,9.441558441558442,1.6009445100354192,7.441558441558442,11.0,0.02018348623853211,0.0,1-11,1-14
1523034596197,9.556122448979592,2.2652176176593084,7.5561224489795915,13.0,0.01020408163265306,0.0010204081632653062,2-26,2-24
1523034596205,9.351196172248804,2.7503454591241043,7.3511961722488035,17.0,0.014150943396226415,0.0,2-22,2-24
1523034596968,9.590664272890486,1.6600923774129812,7.590664272890485,11.0,0.023008849557522124,0.0,1-10,1-19
1523034596976,9.65137614678899,1.6643941306848469,7.651376146788991,10.0,0.009183673469387756,0.0,1-16,1-19
1523034603704,9.707259953161593,1.4950995179044475,7.707259953161593,14.147000000000048,0.018823529411764704,0.0,1-14,1-17
1523034605416,9.363713080168777,1.7689786180989515,7.363713080168776,16.81600000000003,0.011864406779661017,0.0,1-14,1-11
1523034605421,9.560117302052786,1.3627104456732684,7.560117302052786,10.0,0.01650485436893204,0.0,1-16,1-13
1523034605636,9.877252252252251,0.9567798372697022,7.877252252252252,10.0,0.01348314606741573,0.0,1-19,1-10
1523034605817,9.23246492985972,1.9359400163051554,7.232464929859719,14.009000000000128,0.012,0.0,1-13,1-16
1523034605826,9.797872340425531,3.5403823202600933,7.797872340425532,19.0,0.015238095238095238,0.0,1-19,1-16
1523034605865,9.977159880834161,2.518842777814484,7.977159880834161,17.994000000000028,0.012,0.0,2-24,2-26
1523034606122,9.305714285714286,1.2846340136054422,7.305714285714286,10.0,0.018095238095238095,0.0,2-24,2-22
1523034606218,9.821238938053098,1.2954781110501996,7.8212389380530976,9.0,0.017543859649122806,0.0,1-17,1-14
1523034606227,9.448087431693988,1.5769954313356624,7.448087431693989,11.0,0.01981981981981982,0.0,1-11,1-14
1523034606256,9.564356435643564,2.204274090775414,7.564356435643564,12.990999999999985,0.01,0.0009900990099009901,2-26,2-24
1523034606264,9.36093023255814,2.6827526230394807,7.36093023255814,17.0,0.013888888888888888,0.0,2-22,2-24
1523034607025,9.576182136602451,1.696035161222055,7.576182136602452,11.0,0.022608695652173914,0.0,1-10,1-19
1523034607033,9.65388496468214,1.649124664869802,7.653884964682139,10.0,0.009,0.0,1-16,1-19
1523034613729,9.690972222222221,1.539918499228395,7.690972222222222,14.136999999999944,0.01818181818181818,0.0,1-14,1-17
1523034615448,9.570750237416904,1.33331349222454,7.570750237416904,10.0,0.01619047619047619,0.0,1-16,1-13
1523034615456,9.364853556485356,1.7564216312739622,7.364853556485356,16.80600000000004,0.0125,0.0,1-14,1-11
1523034615668,9.875816993464053,0.9715066854628562,7.875816993464053,10.0,0.013186813186813187,0.0,1-19,1-10
1523034615877,9.231436837029895,1.8827918602823774,7.231436837029894,14.0,0.0125,0.0,1-13,1-16
1523034615886,9.785512699905926,3.50244298737399,7.785512699905927,19.0,0.016037735849056604,0.0,1-19,1-16
1523034615900,9.962391513982642,2.5453551292626067,7.962391513982642,17.963999999999942,0.01262135922330097,0.0,2-24,2-26
1523034616157,9.309433962264151,1.2759487362050552,7.309433962264151,10.0,0.018518518518518517,0.0,2-24,2-22
1523034616284,9.822807017543859,1.2861465066174207,7.82280701754386,9.0,0.017391304347826087,0.0,1-17,1-14
1523034616292,9.816787003610107,17.41137884632929,7.816787003610108,52.0,0.019469026548672566,0.0,1-11,1-14
1523034616317,9.539942252165543,2.2599541833831855,7.5399422521655435,12.961999999999989,0.010576923076923078,0.0009624639076034649,2-26,2-24
1523034616325,9.356884057971014,2.631691740180634,7.356884057971015,17.0,0.013636363636363636,0.0,2-22,2-24
1523034617089,9.565104166666666,1.7249281141493056,7.565104166666667,11.0,0.023728813559322035,0.0,1-10,1-19
1523034617097,9.632673267326732,1.6680413684932849,7.632673267326733,10.0,0.00891089108910891,0.0,1-16,1-19
1523034623761,9.700226244343892,1.515339315329334,7.700226244343892,14.116999999999962,0.017977528089887642,0.0,1-14,1-17
1523034625484,9.569029850746269,1.3161304020940077,7.5690298507462686,10.0,0.01651376146788991,0.0,1-16,1-13
1523034625494,9.365145228215768,1.7438473855477696,7.365145228215767,16.79600000000005,0.012396694214876033,0.0,1-14,1-11
1523034625702,9.875816993464053,0.9715066854628562,7.875816993464053,10.0,0.012903225806451613,0.0,1-19,1-10
1523034625931,9.956439393939394,2.513253988751148,7.956439393939394,17.944999999999936,0.013084112149532711,0.0,2-24,2-26
1523034625940,9.204311152764761,1.9844987522936102,7.204311152764761,14.0,0.012380952380952381,0.0,1-13,1-16
1523034625949,9.778917910447761,3.480040620126977,7.7789179104477615,19.0,0.015610651974288337,0.0,1-19,1-16
1523034626191,9.314678899082569,1.2541881996464943,7.314678899082569,10.0,0.01834862385321101,0.0,2-24,2-22
1523034626358,9.815491731940819,1.285364880044781,7.815491731940818,9.0,0.017241379310344827,0.0,1-17,1-14
1523034626367,9.804835924006909,16.770201138882175,7.804835924006908,52.0,0.018803418803418803,0.0,1-11,1-14
1523034626381,9.539942252165543,2.2599541833831855,7.5399422521655435,12.961999999999989,0.010476190476190476,0.0009624639076034649,2-26,2-24
1523034626389,9.359066427289049,2.6107481410093185,7.359066427289049,17.0,0.01415929203539823,0.0,2-22,2-24
1523034627154,9.551665243381725,1.748611659073788,7.551665243381725,11.0,0.023728813559322035,0.0,1-10,1-19
1523034627162,9.627085377821393,1.6587757051738268,7.627085377821394,10.0,0.00980392156862745,0.0,1-16,1-19
1523034633793,9.70353982300885,1.4983945492990838,7.70353982300885,14.09699999999998,0.017391304347826087,0.0,1-14,1-17
1523034635517,9.570512820512821,1.29814149525688,7.57051282051282,10.0,0.016216216216216217,0.0,1-16,1-13
1523034635531,9.368979591836736,1.7201805914202417,7.368979591836735,16.776000000000067,0.012195121951219513,0.0,1-14,1-11
1523034635737,9.87176724137931,1.0320477389268727,7.8717672413793105,10.0,0.012903225806451613,0.0,1-19,1-10
1523034635965,9.958724202626641,2.491729704423614,7.958724202626642,17.934999999999945,0.012962962962962963,0.0,2-24,2-26
1523034636002,9.206128133704736,1.9686532537767398,7.206128133704736,14.0,0.012037037037037037,0.0,1-13,1-16
1523034636011,9.75915750915751,3.5125077151176054,7.759157509157509,19.0,0.016363636363636365,0.0,1-19,1-16
1523034636225,9.31875,1.2457198660714286,7.31875,10.0,0.017699115044247787,0.0,2-24,2-22
1523034636426,9.817083692838654,1.2762914088712638,7.817083692838654,9.0,0.017948717948717947,0.0,1-17,1-14
1523034636442,9.791843670348344,16.54375675381083,7.791843670348343,52.0,0.018487394957983194,0.0,1-11,1-14
1523034636445,9.55188246097337,2.2069041698393064,7.55188246097337,12.912000000000035,0.010091743119266056,0.0009182736455463728,2-26,2-24
1523034636454,9.362099644128113,2.5904140968326135,7.362099644128114,17.0,0.014035087719298246,0.0,2-22,2-24
1523034637220,9.55583543240974,1.7246321945799767,7.55583543240974,11.0,0.023966942148760332,0.0,1-10,1-19
1523034637228,9.637151106833494,1.6363868789954064,7.637151106833493,10.0,0.010576923076923078,0.0,1-16,1-19
1523034643820,9.704595185995624,1.483851969604834,7.704595185995624,14.086999999999989,0.017204301075268817,0.0,1-14,1-17
1523034645560,9.583038869257951,1.262539175167626,7.58303886925795,10.0,0.01592920353982301,0.0,1-16,1-13
1523034645571,9.370040485829959,1.7084141684013834,7.37004048582996,16.766000000000076,0.012,0.0,1-14,1-11
1523034645772,9.911273486430062,1.1727121569379493,7.911273486430063,11.258000000000038,0.01276595744680851,0.0,1-19,1-10
1523034646000,9.952073732718894,2.454845930047357,7.952073732718894,17.91599999999994,0.012962962962962963,0.0,2-24,2-26
1523034646070,9.21330902461258,1.9399140275666875,7.21330902461258,14.0,0.011711711711711712,0.0,1-13,1-16
1523034646079,9.756294964028777,3.4540970640753583,7.756294964028777,19.0,0.01592920353982301,0.0,1-19,1-16
1523034646261,9.321238938053098,1.2375135092802882,7.3212389380530976,10.0,0.017391304347826087,0.0,2-24,2-22
1523034646500,9.820359281437126,1.2696967058184743,7.820359281437126,9.0,0.01764705882352941,0.0,1-17,1-14
1523034646509,9.562109025915996,2.1585642740829654,7.562109025915996,12.882000000000062,0.009734513274336283,0.0008936550491510277,2-26,2-24
1523034646509,9.7986743993372,16.142566594067056,7.7986743993372,52.0,0.01869918699186992,0.0,1-11,1-14
1523034646517,9.347442680776014,2.6358973401889334,7.347442680776014,17.0,0.01391304347826087,0.0,2-22,2-24
1523034647286,9.547092547092547,1.7678478120738563,7.547092547092547,11.0,0.023770491803278688,0.0,1-10,1-19
1523034647294,9.630797773654917,1.6707398088262122,7.630797773654916,10.0,0.010377358490566037,0.0,1-16,1-19
1523034653848,9.688436830835117,1.5142774280225046,7.688436830835117,14.067000000000007,0.01702127659574468,0.0,1-14,1-17
1523034655597,9.812392426850257,7.190276720355728,7.812392426850258,35.0,0.015384615384615385,0.0017211703958691911,1-16,1-13
1523034655611,9.371084337349398,1.6968345671844003,7.371084337349398,16.756000000000085,0.012,0.0,1-14,1-11
1523034655802,9.90380761523046,1.239244019100325,7.903807615230461,11.018000000000256,0.011881188118811881,0.0,1-19,1-10
1523034656029,9.952073732718894,2.454845930047357,7.952073732718894,17.91599999999994,0.013636363636363636,0.0,2-24,2-26
1523034656138,9.205856255545697,1.9487500875895283,7.205856255545696,14.0,0.011504424778761062,0.0,1-13,1-16
1523034656147,9.75238922675934,3.3470294783895844,7.752389226759339,19.0,0.016379310344827588,0.0,1-19,1-16
1523034656299,9.321238938053098,1.2375135092802882,7.3212389380530976,10.0,0.017391304347826087,0.0,2-24,2-22
1523034656571,9.827356130108424,1.2470915087009538,7.827356130108424,9.0,0.0175,0.0,1-17,1-14
1523034656580,9.789559543230016,15.903512530304525,7.789559543230016,52.0,0.018548387096774192,0.0,1-11,1-14
1523034656587,9.563268892794376,2.1282466078372626,7.563268892794376,12.863000000000056,0.010526315789473684,0.0008787346221441124,2-26,2-24
1523034656596,9.3461210571185,2.5656222087040828,7.346121057118499,17.0,0.01452991452991453,0.0,2-22,2-24
1523034657364,9.543089430894309,1.757086390376099,7.543089430894309,11.0,0.0232,0.0,1-10,1-19
1523034657372,9.620404411764707,1.6821939540981834,7.620404411764706,10.0,0.011009174311926606,0.0,1-16,1-19
1523034663880,9.691737288135593,1.5013724055587474,7.691737288135593,14.057000000000016,0.016666666666666666,0.0,1-14,1-17
1523034665634,9.812392426850257,7.190276720355728,7.812392426850258,35.0,0.015254237288135594,0.0017211703958691911,1-16,1-13
1523034665660,9.373705179282869,1.6858424469452866,7.373705179282869,16.746000000000095,0.011904761904761904,0.0,1-14,1-11
1523034665838,9.915369649805447,1.2136548244485155,7.915369649805448,11.0,0.011764705882352941,0.0,1-19,1-10
1523034666067,9.957466063348416,2.4153854343686656,7.957466063348416,17.895999999999958,0.013513513513513514,0.0,2-24,2-26
1523034666204,9.198779424585876,2.002335040274124,7.198779424585876,14.0,0.011304347826086957,0.0,1-13,1-16
1523034666214,9.752799310938846,3.3195981070107226,7.752799310938846,19.0,0.016101694915254237,0.0,1-19,1-16
1523034666335,9.331304347826087,1.2284982986767485,7.331304347826087,10.0,0.017241379310344827,0.0,2-24,2-22
1523034666641,9.8318293683347,1.2293068256838504,7.8318293683347004,9.0,0.01707317073170732,0.0,1-17,1-14
1523034666651,9.789644012944985,15.776138708224673,7.789644012944984,52.0,0.0192,0.0,1-11,1-14
1523034666653,9.563268892794376,2.1282466078372626,7.563268892794376,12.863000000000056,0.010434782608695653,0.0008787346221441124,2-26,2-24
1523034666662,9.342281879194632,2.533849826584388,7.342281879194631,17.0,0.014285714285714285,0.0,2-22,2-24
1523034667433,9.539370078740157,1.7901822803645608,7.539370078740157,11.0,0.0234375,0.0,1-10,1-19
1523034667441,9.62568306010929,1.6713622383469198,7.6256830601092895,10.0,0.01090909090909091,0.0,1-16,1-19
1523034673910,9.685358255451714,1.4825166681223978,7.685358255451713,14.038000000000011,0.016666666666666666,0.0,1-14,1-17
1523034675671,9.812392426850257,7.190276720355728,7.812392426850258,35.0,0.015254237288135594,0.0017211703958691911,1-16,1-13
1523034675702,9.327843137254902,1.1991855440215302,7.327843137254902,12.45199999999977,0.011811023622047244,0.0,1-14,1-11
1523034675874,9.875711574952561,1.3175694651980887,7.875711574952562,11.0,0.011439466158245948,0.0,1-19,1-10
1523034676103,9.961678832116789,2.4255387873621395,7.961678832116788,17.904999999999973,0.012612612612612612,0.0,2-24,2-26
1523034676272,9.1928632115548,2.028224342376432,7.1928632115548,14.0,0.010924369747899159,0.0,1-13,1-16
1523034676282,9.761032472939217,3.2226613819596635,7.761032472939218,19.0,0.015966386554621848,0.0,1-19,1-16
1523034676366,9.330508474576272,1.1839844872163172,7.330508474576271,10.0,0.017241379310344827,0.0,2-24,2-22
1523034676713,9.851912123677787,1.1855557416674998,7.851912123677787,9.0,0.016935483870967744,0.0,1-17,1-14
1523034676714,9.566202090592334,2.1114709417377897,7.566202090592334,12.853000000000065,0.010344827586206896,0.0008710801393728223,2-26,2-24
1523034676723,9.783132530120483,15.668631151110466,7.783132530120482,52.0,0.01968503937007874,0.0,1-11,1-14
1523034676723,9.342281879194632,2.533849826584388,7.342281879194631,17.0,0.01487603305785124,0.0,2-22,2-24
