1523034693029,32.9,31.69,8.9,13.0,0.0,0.3,1-14,1-17
1523034693500,36.1,34.39,13.1,21.882999999999996,0.0,0.3,1-16,1-13
1523034693513,34.625,40.934375,20.625,27.0,0.0,0.5,1-11,1-14
1523034693515,34.675,34.069375,12.675,18.0,0.0,0.225,1-17,1-14
1523034693518,35.8,56.559999999999995,11.8,17.0,0.0,0.5,1-19,1-16
1523034693521,34.86666666666667,32.44888888888889,12.866666666666667,18.0,0.0,0.5333333333333333,1-13,1-16
1523034693584,37.7,27.61,15.7,18.0,0.0,0.0,1-19,1-10
1523034693692,36.325,30.219375,14.325,18.0,0.0,0.55,1-14,1-11
1523034694006,33.7,30.81,10.7,14.0,0.0,0.1,2-24,2-26
1523034694240,42.5,42.85,19.5,23.0,0.0,0.0,2-22,2-24
1523034694242,36.8,19.96,12.8,16.0,0.0,0.0,2-26,2-24
1523034694321,36.52,36.449600000000004,19.52,24.0,0.0,0.68,1-16,1-19
1523034694323,35.44,33.166399999999996,13.44,17.951,0.0,0.48,1-10,1-19
1523034694382,35.0,43.9,21,25.981,0.0,0.35,2-24,2-22
1523034703042,35.86666666666667,46.44888888888889,22.866666666666667,28.0,0.0,0.1,1-14,1-17
1523034703512,35.88333333333333,31.403055555555557,12.883333333333333,21.823000000000008,0.0,0.48333333333333334,1-16,1-13
1523034703529,34.675,40.944375,21.675,28.0,0.0,0.5375,1-11,1-14
1523034703533,35.16,33.1344,13.16,18.0,0.0,0.18,1-17,1-14
1523034703534,35.85,39.5275,12.85,18.0,0.0,0.5,1-19,1-16
1523034703537,32.325,70.819375,28.325,36.0,0.0,0.525,1-13,1-16
1523034703589,34.85,51.4275,20.85,26.0,0.0,0.4,1-19,1-10
1523034703699,36.45,26.980833333333333,14.45,18.941000000000003,0.0,0.5166666666666667,1-14,1-11
1523034704019,36.53333333333333,36.38222222222222,18.533333333333335,23.0,0.0,0.4666666666666667,2-24,2-26
1523034704251,38.9,47.89,24.9,32.0,0.0,0.3,2-22,2-24
1523034704253,36.8,19.96,12.8,16.0,0.0,0.0,2-26,2-24
1523034704338,35.93333333333333,43.32888888888889,22.933333333333334,28.0,0.0,0.6,1-16,1-19
1523034704341,33.325,55.894375,21.325,27.921000000000006,0.0,0.525,1-10,1-19
1523034704395,36.675,43.169374999999995,24.675,28.961,0.0,0.325,2-24,2-22
1523034713047,36.18571428571428,37.836938775510205,23.185714285714287,28.930999999999997,0.0,0.22857142857142856,1-14,1-17
1523034713523,35.375,32.509375,12.375,21.76300000000002,0.0,0.475,1-16,1-13
1523034713547,34.08888888888889,40.61432098765432,21.08888888888889,28.0,0.0,0.5,1-11,1-14
1523034713549,35.16,33.1344,13.16,18.0,0.0,0.18,1-17,1-14
1523034713550,36.025,34.774375,14.025,19.0,0.0,0.45,1-19,1-16
1523034713552,32.675,72.344375,29.675,37.0,0.0,0.475,1-13,1-16
1523034713595,36.275,39.799375,22.275,27.0,0.0,0.25,1-19,1-10
1523034713713,37.0375,24.71109375,15.0375,19.0,0.0,0.3875,1-14,1-11
1523034714031,36.375,32.684375,18.375,23.0,0.0,0.475,2-24,2-26
1523034714263,38.9,47.89,24.9,32.0,0.0,0.3,2-22,2-24
1523034714265,34.93333333333333,42.26222222222222,16.933333333333334,22.0,0.0,0.3333333333333333,2-26,2-24
1523034714352,36.625,36.509375,23.625,28.0,0.0,0.55,1-16,1-19
1523034714355,33.833333333333336,48.32222222222222,21.833333333333332,28.0,0.0,0.5,1-10,1-19
1523034714405,36.61666666666667,36.83638888888889,24.616666666666667,28.941000000000003,0.0,0.36666666666666664,2-24,2-22
1523034723063,35.641666666666666,53.34659722222222,22.641666666666666,28.881,0.0,0.2916666666666667,1-14,1-17
1523034723537,35.1,33.312222222222225,12.1,21.733000000000004,0.0,0.4444444444444444,1-16,1-13
1523034723561,36.05,33.880833333333335,14.05,19.0,0.0,0.5166666666666667,1-19,1-16
1523034723564,33.09,68.0019,30.09,37.900999999999996,0.0,0.43,1-13,1-16
1523034723565,34.527272727272724,39.776528925619836,21.527272727272727,28.0,0.0,0.42727272727272725,1-11,1-14
1523034723567,33.9,48.29,20.9,27.0,0.0,0.2833333333333333,1-17,1-14
1523034723609,36.0,40.48,22,27.0,0.0,0.36,1-19,1-10
1523034723726,35.27,46.3771,23.27,29.0,0.0,0.42,1-14,1-11
1523034724037,34.45,45.5475,21.45,28.0,0.0,0.5125,2-24,2-26
1523034724273,37.35,51.9275,23.35,32.0,0.0,0.375,2-22,2-24
1523034724275,36.51428571428571,30.021224489795916,18.514285714285716,22.0,0.0,0.42857142857142855,2-26,2-24
1523034724366,35.78181818181818,44.643305785123964,22.78181818181818,28.0,0.0,0.5181818181818182,1-16,1-19
1523034724369,33.83846153846154,50.0892899408284,21.838461538461537,28.0,0.0,0.46153846153846156,1-10,1-19
1523034724419,36.61666666666667,36.83638888888889,24.616666666666667,28.941000000000003,0.0,0.36666666666666664,2-24,2-22
1523034733079,35.54666666666667,51.98115555555556,22.546666666666667,28.851,0.0,0.31333333333333335,1-14,1-17
1523034733554,35.56666666666667,36.76555555555556,30.566666666666666,39.553,0.0,0.44,1-16,1-13
1523034733580,36.2,30.902857142857144,14.2,19.0,0.0,0.45714285714285713,1-19,1-16
1523034733582,35.03333333333333,39.36555555555555,22.033333333333335,29.881,0.0,0.39166666666666666,1-11,1-14
1523034733583,33.263636363636365,64.64867768595042,30.263636363636362,37.891000000000005,0.0,0.42727272727272725,1-13,1-16
1523034733585,33.9,48.29,20.9,27.0,0.0,0.2833333333333333,1-17,1-14
1523034733622,36.416666666666664,39.076388888888886,22.416666666666668,27.0,0.0,0.4166666666666667,1-19,1-10
1523034733739,34.55882352941177,53.72889273356402,22.558823529411764,30.0,0.0,0.5058823529411764,1-14,1-11
1523034734051,34.09166666666667,42.93326388888889,21.091666666666665,28.0,0.0,0.5416666666666666,2-24,2-26
1523034734285,37.56,42.8864,23.56,32.0,0.0,0.3,2-22,2-24
1523034734287,35.81,31.3539,17.81,22.900999999999996,0.0,0.44,2-26,2-24
1523034734387,35.6,44.54,22.6,28.0,0.0,0.5285714285714286,1-16,1-19
1523034734390,33.76,47.8624,21.76,28.0,0.0,0.47333333333333333,1-10,1-19
1523034734430,36.3875,34.88734375,24.3875,28.921000000000006,0.0,0.3625,2-24,2-22
1523034743093,35.28235294117647,50.46145328719723,22.28235294117647,28.83099999999999,0.0,0.3235294117647059,1-14,1-17
1523034743569,35.477777777777774,37.68283950617284,30.477777777777778,39.462999999999994,0.0,0.4222222222222222,1-16,1-13
1523034743600,36.85,30.5675,23.85,28.0,0.0,0.32,1-19,1-16
1523034743601,35.46875,37.6115234375,22.46875,29.841000000000008,0.0,0.375,1-11,1-14
1523034743603,33.13846153846154,63.02698224852071,30.138461538461538,37.87100000000001,0.0,0.45384615384615384,1-13,1-16
1523034743604,33.4875,45.72484375,20.4875,27.0,0.0,0.35,1-17,1-14
1523034743628,36.416666666666664,39.076388888888886,22.416666666666668,27.0,0.0,0.4166666666666667,1-19,1-10
1523034743756,34.516666666666666,54.69416666666667,22.516666666666666,30.0,0.0,0.5277777777777778,1-14,1-11
1523034744065,34.026666666666664,41.132622222222224,21.026666666666667,28.0,0.0,0.5666666666666667,2-24,2-26
1523034744306,37.1625,35.61109375,23.1625,32.0,0.0,0.3125,2-22,2-24
1523034744308,35.097345132743364,46.70733808442321,28.097345132743364,33.888000000000005,0.0,0.4690265486725664,2-26,2-24
1523034744409,35.53333333333333,43.888888888888886,22.533333333333335,28.0,0.0,0.5,1-16,1-19
1523034744412,33.8,47.324705882352944,21.8,28.0,0.0,0.5058823529411764,1-10,1-19
1523034744440,36.31666666666667,33.41638888888889,24.316666666666666,29.0,0.0,0.375,2-24,2-22
1523034753110,35.17368421052632,49.00667590027701,22.173684210526314,28.811000000000007,0.0,0.3736842105263158,1-14,1-17
1523034753587,35.72631578947368,36.81983379501385,30.726315789473684,39.43300000000002,0.0,0.4,1-16,1-13
1523034753617,37.208333333333336,27.49826388888889,24.208333333333332,28.0,0.0,0.3416666666666667,1-19,1-16
1523034753620,33.25714285714286,61.00530612244898,30.257142857142856,37.86099999999999,0.0,0.45,1-13,1-16
1523034753622,35.72352941176471,36.44709342560554,22.723529411764705,29.83099999999999,0.0,0.35294117647058826,1-11,1-14
1523034753625,34.45,43.597500000000004,21.45,28.0,0.0,0.35833333333333334,1-17,1-14
1523034753644,35.93,37.7651,21.93,27.900999999999996,0.0,0.46,1-19,1-10
1523034753766,34.56,52.2964,22.56,30.0,0.0,0.49,1-14,1-11
1523034754080,34.24375,40.7343359375,21.24375,28.0,0.0,0.55625,2-24,2-26
1523034754322,36.41,42.2019,23.41,33.0,0.0,0.35,2-22,2-24
1523034754324,35.5,46.65,28.5,36.0,0.0,0.49166666666666664,2-26,2-24
1523034754426,35.53333333333333,43.888888888888886,22.533333333333335,28.0,0.0,0.5,1-16,1-19
1523034754429,33.75,46.798611111111114,21.75,28.0,0.0,0.5,1-10,1-19
1523034754456,36.06923076923077,37.74136094674556,24.06923076923077,29.0,0.0,0.3769230769230769,2-24,2-22
1523034763127,35.46521739130435,45.93574669187146,22.465217391304346,28.770999999999987,0.0,0.34782608695652173,1-14,1-17
1523034763600,36.027272727272724,34.98107438016529,31.027272727272727,39.34300000000002,0.0,0.38636363636363635,1-16,1-13
1523034763635,36.33571428571429,34.18015306122449,23.335714285714285,28.0,0.0,0.35,1-19,1-16
1523034763638,33.921052631578945,53.15692520775623,30.92105263157895,37.81100000000001,0.0,0.47368421052631576,1-13,1-16
1523034763645,36.231818181818184,35.02353305785124,24.23181818181818,30.781000000000006,0.0,0.3,1-11,1-14
1523034763647,34.45,43.597500000000004,21.45,28.0,0.0,0.35833333333333334,1-17,1-14
1523034763660,36.027272727272724,37.04471074380165,22.027272727272727,27.891000000000005,0.0,0.4909090909090909,1-19,1-10
1523034763783,34.58095238095238,51.39582766439909,22.580952380952382,30.0,0.0,0.5047619047619047,1-14,1-11
1523034764090,34.32941176470588,40.15031141868512,21.32941176470588,28.0,0.0,0.5705882352941176,2-24,2-26
1523034764340,36.763636363636365,39.63504132231405,23.763636363636362,33.0,0.0,0.3181818181818182,2-22,2-24
1523034764343,34.78666666666667,54.84782222222222,27.786666666666665,36.0,0.0,0.4666666666666667,2-26,2-24
1523034764445,35.46111111111111,41.52626543209877,22.461111111111112,28.0,0.0,0.5444444444444444,1-16,1-19
1523034764448,33.41818181818182,50.5796694214876,29.418181818181818,36.0,0.0,0.5045454545454545,1-10,1-19
1523034764470,36.06923076923077,37.74136094674556,24.06923076923077,29.0,0.0,0.3769230769230769,2-24,2-22
1523034773143,35.46521739130435,45.93574669187146,22.465217391304346,28.770999999999987,0.0,0.34782608695652173,1-14,1-17
1523034773617,36.027272727272724,34.98107438016529,31.027272727272727,39.34300000000002,0.0,0.38636363636363635,1-16,1-13
1523034773656,36.14,34.1604,23.14,28.0,0.0,0.37333333333333335,1-19,1-16
1523034773660,34.352380952380955,51.13297052154195,31.35238095238095,38.0,0.0,0.44285714285714284,1-13,1-16
1523034773663,36.296,34.408384,24.296,30.751000000000005,0.0,0.308,1-11,1-14
1523034773666,35.00714285714286,44.16423469387755,22.007142857142856,28.0,0.0,0.32142857142857145,1-17,1-14
1523034773676,36.15,35.5775,22.15,27.881,0.0,0.4666666666666667,1-19,1-10
1523034773800,34.472727272727276,50.921983471074384,22.472727272727273,30.0,0.0,0.5136363636363637,1-14,1-11
1523034774107,34.32631578947368,39.672465373961224,21.326315789473686,28.0,0.0,0.5421052631578948,2-24,2-26
1523034774361,36.34615384615385,39.94940828402367,23.346153846153847,33.0,0.0,0.3,2-22,2-24
1523034774364,35.15882352941176,51.42771626297578,28.158823529411766,36.0,0.0,0.4470588235294118,2-26,2-24
1523034774469,35.52857142857143,42.82061224489796,23.52857142857143,30.0,0.0,0.5095238095238095,1-16,1-19
1523034774473,33.71739130434783,50.359262759924384,29.717391304347824,37.0,0.0,0.4826086956521739,1-10,1-19
1523034774482,36.413333333333334,34.69582222222222,24.413333333333334,29.0,0.0,0.38,2-24,2-22
1523034783161,35.541666666666664,45.10659722222222,22.541666666666668,28.760999999999996,0.0,0.3541666666666667,1-14,1-17
1523034783633,35.98076923076923,34.44963017751479,30.98076923076923,39.222999999999956,0.0,0.38846153846153847,1-16,1-13
1523034783673,35.363157894736844,37.23127423822715,22.36315789473684,28.0,0.0,0.41578947368421054,1-19,1-16
1523034783677,34.208695652173915,51.53905482041588,31.208695652173912,38.0,0.0,0.4391304347826087,1-13,1-16
1523034783687,36.18888888888889,34.10135802469136,24.18888888888889,30.730999999999995,0.0,0.34074074074074073,1-11,1-14
1523034783690,35.00714285714286,44.16423469387755,22.007142857142856,28.0,0.0,0.32142857142857145,1-17,1-14
1523034783690,36.15,35.5775,22.15,27.881,0.0,0.4666666666666667,1-19,1-10
1523034783814,34.656,48.969664,22.656,30.0,0.0,0.476,1-14,1-11
1523034784124,34.32631578947368,39.672465373961224,21.326315789473686,28.0,0.0,0.5421052631578948,2-24,2-26
1523034784383,36.373333333333335,38.96728888888889,23.373333333333335,33.0,0.0,0.2866666666666667,2-22,2-24
1523034784386,34.58,51.7436,27.58,36.0,0.0,0.42,2-26,2-24
1523034784489,35.49545454545454,42.48634297520661,23.495454545454546,30.0,0.0,0.4954545454545455,1-16,1-19
1523034784492,33.733333333333334,48.595555555555556,29.733333333333334,37.0,0.0,0.4791666666666667,1-10,1-19
1523034784493,35.705555555555556,37.429969135802466,23.705555555555556,29.0,0.0,0.4,2-24,2-22
1523034793171,35.732,44.188176,22.732,28.751000000000005,0.0,0.34,1-14,1-17
1523034793652,36.14074074074074,33.846858710562415,31.14074074074074,39.192999999999984,0.0,0.37407407407407406,1-16,1-13
1523034793694,35.208695652173915,36.78253308128544,22.208695652173912,28.0,0.0,0.45217391304347826,1-19,1-16
1523034793698,34.603846153846156,50.26998520710059,31.603846153846153,38.0,0.0,0.4076923076923077,1-13,1-16
1523034793708,37.01764705882353,37.852629757785465,23.01764705882353,34.0,0.0,0.47058823529411764,1-19,1-10
1523034793708,36.086666666666666,35.065822222222224,24.086666666666666,30.701000000000022,0.0,0.3566666666666667,1-11,1-14
1523034793711,35.225,42.799375,22.225,28.0,0.0,0.31875,1-17,1-14
1523034793827,34.854838709677416,49.304734651404786,22.85483870967742,30.0,0.0,0.4806451612903226,1-14,1-11
1523034794133,33.945,41.941975,20.945,28.0,0.0,0.52,2-24,2-26
1523034794406,36.03125,43.8177734375,23.03125,33.0,0.0,0.31875,2-22,2-24
1523034794410,34.608695652173914,51.31644612476371,27.608695652173914,36.0,0.0,0.40869565217391307,2-26,2-24
1523034794507,35.705555555555556,37.429969135802466,23.705555555555556,29.0,0.0,0.4,2-24,2-22
1523034794513,35.516666666666666,42.17472222222222,23.516666666666666,30.0,0.0,0.475,1-16,1-19
1523034794517,33.738461538461536,49.070059171597634,29.73846153846154,37.0,0.0,0.47692307692307695,1-10,1-19
1523034803189,35.63846153846154,43.94621301775148,22.638461538461538,28.740999999999985,0.0,0.3346153846153846,1-14,1-17
1523034803669,36.14074074074074,33.846858710562415,31.14074074074074,39.192999999999984,0.0,0.37407407407407406,1-16,1-13
1523034803720,35.208695652173915,36.78253308128544,22.208695652173912,28.0,0.0,0.45217391304347826,1-19,1-16
1523034803724,34.56333333333333,48.23932222222222,31.563333333333333,38.0,0.0,0.39666666666666667,1-13,1-16
1523034803726,36.65263157894737,40.184598337950135,22.652631578947368,34.0,0.0,0.49473684210526314,1-19,1-10
1523034803734,36.086666666666666,35.065822222222224,24.086666666666666,30.701000000000022,0.0,0.3566666666666667,1-11,1-14
1523034803737,35.37647058823529,41.90532871972319,22.376470588235293,28.0,0.0,0.3,1-17,1-14
1523034803847,34.92285714285714,47.97976326530612,22.922857142857143,30.0,0.0,0.49142857142857144,1-14,1-11
1523034804145,34.095454545454544,41.23179752066116,21.095454545454544,28.0,0.0,0.5363636363636364,2-24,2-26
1523034804431,36.08888888888889,41.580987654320985,23.08888888888889,33.0,0.0,0.35,2-22,2-24
1523034804434,34.78076923076923,49.34039940828402,27.78076923076923,36.0,0.0,0.4115384615384615,2-26,2-24
1523034804520,35.35454545454545,39.101570247933886,23.354545454545455,29.0,0.0,0.4090909090909091,2-24,2-22
1523034804537,35.296,42.680384000000004,23.296,30.0,0.0,0.476,1-16,1-19
1523034804541,33.738461538461536,49.070059171597634,29.73846153846154,37.0,0.0,0.47692307692307695,1-10,1-19
1523034813204,35.625,44.04866071428572,22.625,28.721000000000004,0.0,0.33214285714285713,1-14,1-17
1523034813680,35.9551724137931,35.42212841854935,30.955172413793104,39.13300000000004,0.0,0.4,1-16,1-13
1523034813744,36.445454545454545,39.97429752066116,22.445454545454545,34.0,0.0,0.4681818181818182,1-19,1-10
1523034813746,35.511538461538464,35.9190976331361,22.51153846153846,28.0,0.0,0.45384615384615384,1-19,1-16
1523034813750,34.57941176470588,46.50251730103806,31.57941176470588,38.0,0.0,0.39705882352941174,1-13,1-16
1523034813759,35.92258064516129,35.232715920915716,23.92258064516129,30.690999999999974,0.0,0.3709677419354839,1-11,1-14
1523034813762,35.55,40.39194444444445,22.55,28.0,0.0,0.2833333333333333,1-17,1-14
1523034813868,34.994594594594595,46.718889700511326,22.994594594594595,30.0,0.0,0.4864864864864865,1-14,1-11
1523034814157,34.28076923076923,41.47116863905325,21.28076923076923,28.0,0.0,0.49230769230769234,2-24,2-26
1523034814451,36.08888888888889,41.580987654320985,23.08888888888889,33.0,0.0,0.35,2-22,2-24
1523034814455,34.52962962962963,50.94541838134431,27.52962962962963,36.0,0.0,0.42962962962962964,2-26,2-24
1523034814538,35.04642857142857,42.665701530612246,23.04642857142857,29.0,0.0,0.45357142857142857,2-24,2-22
1523034814561,35.14074074074074,42.365377229080934,23.14074074074074,30.0,0.0,0.48148148148148145,1-16,1-19
1523034814565,33.97857142857143,48.142397959183675,29.978571428571428,37.0,0.0,0.46785714285714286,1-10,1-19
1523034823224,35.535483870967745,43.57777315296566,22.53548387096774,28.690999999999974,0.0,0.36451612903225805,1-14,1-17
1523034823690,35.88709677419355,34.790478668054114,30.887096774193548,39.07299999999992,0.0,0.4032258064516129,1-16,1-13
1523034823756,36.216,39.553344,22.216,34.0,0.0,0.472,1-19,1-10
1523034823774,35.489285714285714,37.249885204081636,23.489285714285714,29.0,0.0,0.4392857142857143,1-19,1-16
1523034823779,34.60285714285714,45.839420408163264,31.602857142857143,38.0,0.0,0.3914285714285714,1-13,1-16
1523034823784,35.90882352941176,35.041686851211075,23.908823529411766,30.661,0.0,0.40294117647058825,1-11,1-14
1523034823787,35.70909090909091,38.66082644628099,22.70909090909091,28.0,0.0,0.2636363636363636,1-17,1-14
1523034823888,34.98461538461538,46.02027613412229,22.984615384615385,30.0,0.0,0.47692307692307695,1-14,1-11
1523034824172,34.623333333333335,41.52812222222222,21.623333333333335,28.0,0.0,0.4766666666666667,2-24,2-26
1523034824477,35.86666666666667,43.058412698412695,23.866666666666667,34.0,0.0,0.3476190476190476,2-22,2-24
1523034824480,34.47142857142857,50.534897959183674,27.47142857142857,36.0,0.0,0.43214285714285716,2-26,2-24
1523034824548,35.217241379310344,42.032116527942925,23.217241379310344,29.0,0.0,0.4379310344827586,2-24,2-22
1523034824580,34.97857142857143,42.34954081632653,22.978571428571428,30.0,0.0,0.46785714285714286,1-16,1-19
1523034824584,34.21818181818182,46.019063360881546,30.21818181818182,37.0,0.0,0.5151515151515151,1-10,1-19
1523034833241,35.55882352941177,43.99359861591695,23.558823529411764,29.661,0.0,0.35,1-14,1-17
1523034833707,35.8875,34.46234375,30.8875,39.04299999999995,0.0,0.4125,1-16,1-13
1523034833768,36.16923076923077,39.47905325443787,22.16923076923077,34.0,0.0,0.4846153846153846,1-19,1-10
1523034833804,35.489285714285714,37.249885204081636,23.489285714285714,29.0,0.0,0.4392857142857143,1-19,1-16
1523034833809,34.492105263157896,47.276253462603876,31.492105263157896,38.0,0.0,0.4,1-13,1-16
1523034833811,35.667567567567566,37.665164353542735,23.667567567567566,30.630999999999972,0.0,0.3972972972972973,1-11,1-14
1523034833815,35.643478260869564,40.516370510396975,23.643478260869564,29.0,0.0,0.26521739130434785,1-17,1-14
1523034833912,35.16744186046512,45.23707950243375,23.167441860465118,30.0,0.0,0.45813953488372094,1-14,1-11
1523034834192,34.74848484848485,40.85492194674013,21.74848484848485,28.0,0.0,0.4636363636363636,2-24,2-26
1523034834503,35.96086956521739,41.637599243856336,23.96086956521739,34.0,0.0,0.3652173913043478,2-22,2-24
1523034834507,34.675,49.544375,27.675,36.0,0.0,0.440625,2-26,2-24
1523034834566,35.20666666666666,41.543955555555556,23.206666666666667,29.0,0.0,0.43333333333333335,2-24,2-22
1523034834608,34.946666666666665,41.870488888888886,22.946666666666665,30.0,0.0,0.47333333333333333,1-16,1-19
1523034834612,34.39705882352941,45.7276384083045,30.397058823529413,37.0,0.0,0.5,1-10,1-19
1523034843255,35.614285714285714,43.60836734693878,23.614285714285714,29.65100000000001,0.0,0.35714285714285715,1-14,1-17
1523034843724,35.90294117647059,34.0876384083045,30.902941176470588,38.983000000000004,0.0,0.4147058823529412,1-16,1-13
1523034843788,35.9551724137931,39.64281807372176,21.955172413793104,34.0,0.0,0.4862068965517241,1-19,1-10
1523034843835,35.6551724137931,36.74316290130797,23.655172413793103,29.0,0.0,0.4241379310344828,1-19,1-16
1523034843840,35.78157894736842,37.15492382271468,23.78157894736842,30.62099999999998,0.0,0.3868421052631579,1-11,1-14
1523034843840,34.71463414634146,46.05759071980964,31.714634146341464,38.0,0.0,0.3780487804878049,1-13,1-16
1523034843843,35.804,39.173584,23.804,29.0,0.0,0.272,1-17,1-14
1523034843932,35.284444444444446,44.20353580246913,23.284444444444443,30.0,0.0,0.44666666666666666,1-14,1-11
1523034844213,34.79705882352941,40.355873702422144,21.79705882352941,28.0,0.0,0.45,2-24,2-26
1523034844530,36.00833333333333,41.016597222222224,24.008333333333333,34.0,0.0,0.35833333333333334,2-22,2-24
1523034844535,34.65,48.6510294117647,27.65,36.0,0.0,0.4470588235294118,2-26,2-24
1523034844583,35.20666666666666,41.543955555555556,23.206666666666667,29.0,0.0,0.43333333333333335,2-24,2-22
1523034844645,34.96470588235294,44.06346020761246,29.96470588235294,37.0,0.0,0.47352941176470587,1-16,1-19
1523034844649,34.454054054054055,45.06410518626735,30.454054054054055,37.0,0.0,0.4945945945945946,1-10,1-19
1523034853273,35.742105263157896,42.8703324099723,23.742105263157896,29.62099999999998,0.0,0.3447368421052632,1-14,1-17
1523034853744,35.955263157894734,34.253261772853186,30.955263157894738,38.86299999999994,0.0,0.42894736842105263,1-16,1-13
1523034853807,35.88333333333333,40.98972222222222,23.883333333333333,36.0,0.0,0.48,1-19,1-10
1523034853865,35.596666666666664,37.89398888888889,23.596666666666668,29.0,0.0,0.43333333333333335,1-19,1-16
1523034853868,35.674358974358974,37.019598948060484,23.674358974358974,30.61099999999999,0.0,0.382051282051282,1-11,1-14
1523034853870,34.71463414634146,46.05759071980964,31.714634146341464,38.0,0.0,0.3780487804878049,1-13,1-16
1523034853871,35.804,39.173584,23.804,29.0,0.0,0.272,1-17,1-14
1523034853948,35.261702127659575,43.78895880488909,23.261702127659575,30.0,0.0,0.4425531914893617,1-14,1-11
1523034854234,35.160526315789475,40.80317867036011,23.160526315789475,30.0,0.0,0.42105263157894735,2-24,2-26
1523034854552,35.85769230769231,40.65282544378698,23.857692307692307,34.0,0.0,0.38461538461538464,2-22,2-24
1523034854556,34.72222222222222,47.8895061728395,27.72222222222222,36.0,0.0,0.44166666666666665,2-26,2-24
1523034854603,35.334375,40.760068359375,23.334375,29.0,0.0,0.415625,2-24,2-22
1523034854675,34.88108108108108,43.683155588020455,29.88108108108108,37.0,0.0,0.4756756756756757,1-16,1-19
1523034854679,34.238461538461536,45.843136094674556,30.23846153846154,37.0,0.0,0.5025641025641026,1-10,1-19
1523034863288,35.79,41.9209,23.79,29.601,0.0,0.34,1-14,1-17
1523034863767,35.71190476190476,35.9193820861678,30.711904761904762,38.74300000000005,0.0,0.4357142857142857,1-16,1-13
1523034863823,35.8,41.31,23.8,36.0,0.0,0.471875,1-19,1-10
1523034863904,35.394285714285715,39.26168163265306,23.394285714285715,29.0,0.0,0.44857142857142857,1-19,1-16
1523034863907,35.674358974358974,37.019598948060484,23.674358974358974,30.61099999999999,0.0,0.382051282051282,1-11,1-14
1523034863909,34.61190476190476,47.75652494331066,31.61190476190476,38.0,0.0,0.38095238095238093,1-13,1-16
1523034863911,35.973076923076924,38.39542899408284,23.973076923076924,29.0,0.0,0.26153846153846155,1-17,1-14
1523034863971,35.23921568627451,42.64865820838139,23.23921568627451,30.0,0.0,0.45294117647058824,1-14,1-11
1523034864249,35.146511627906975,39.74365062195781,23.14651162790698,30.0,0.0,0.43023255813953487,2-24,2-26
1523034864576,35.48571428571429,46.378367346938774,30.485714285714284,41.0,0.0,0.3964285714285714,2-22,2-24
1523034864580,34.87567567567567,47.44940832724617,27.875675675675677,36.0,0.0,0.4297297297297297,2-26,2-24
1523034864624,35.28484848484848,41.48249770431589,23.284848484848485,29.0,0.0,0.4121212121212121,2-24,2-22
1523034864706,34.84102564102564,42.790111768573304,29.84102564102564,37.0,0.0,0.47692307692307695,1-16,1-19
1523034864710,34.17,46.6711,30.17,37.0,0.0,0.495,1-10,1-19
1523034873302,35.77045454545455,41.18139979338843,23.770454545454545,29.56099999999998,0.0,0.33636363636363636,1-14,1-17
1523034873789,35.6,37.13302325581395,30.6,38.71300000000008,0.0,0.4418604651162791,1-16,1-13
1523034873841,35.74285714285714,40.733877551020406,23.742857142857144,36.0,0.0,0.44571428571428573,1-19,1-10
1523034873937,35.394285714285715,39.26168163265306,23.394285714285715,29.0,0.0,0.44857142857142857,1-19,1-16
1523034873937,35.6675,36.66194375,23.6675,30.601,0.0,0.385,1-11,1-14
1523034873941,35.89642857142857,38.26427295918367,23.896428571428572,29.0,0.0,0.28214285714285714,1-17,1-14
1523034873942,34.574418604651164,47.51888047593294,31.574418604651164,38.0,0.0,0.3813953488372093,1-13,1-16
1523034873991,35.32692307692308,42.22389053254438,23.326923076923077,30.0,0.0,0.4442307692307692,1-14,1-11
1523034874264,34.97391304347826,40.09062381852552,22.973913043478262,30.0,0.0,0.41956521739130437,2-24,2-26
1523034874607,35.63793103448276,45.48614744351962,30.637931034482758,41.0,0.0,0.38275862068965516,2-22,2-24
1523034874611,34.760975609756095,46.22579417013682,27.7609756097561,36.0,0.0,0.44634146341463415,2-26,2-24
1523034874639,35.55428571428571,40.315624489795916,23.554285714285715,29.0,0.0,0.38857142857142857,2-24,2-22
1523034874731,34.84102564102564,42.790111768573304,29.84102564102564,37.0,0.0,0.47692307692307695,1-16,1-19
1523034874736,34.25365853658536,46.2429744199881,30.253658536585366,37.0,0.0,0.5024390243902439,1-10,1-19
1523034883322,35.83913043478261,40.49586011342155,23.839130434782607,29.540999999999997,0.0,0.34130434782608693,1-14,1-17
1523034883810,35.71304347826087,36.29156899810964,30.713043478260868,38.62299999999999,0.0,0.43043478260869567,1-16,1-13
1523034883861,35.71666666666667,40.60305555555556,23.716666666666665,36.0,0.0,0.4388888888888889,1-19,1-10
1523034883961,35.66590909090909,36.02247417355372,23.66590909090909,30.56099999999998,0.0,0.38181818181818183,1-11,1-14
1523034883965,35.8,38.43586206896552,23.8,29.0,0.0,0.2827586206896552,1-17,1-14
1523034883967,35.413513513513514,39.3236011687363,23.413513513513514,29.0,0.0,0.4648648648648649,1-19,1-16
1523034883972,34.611363636363635,47.74668904958678,31.611363636363638,38.0,0.0,0.3840909090909091,1-13,1-16
1523034884010,35.32692307692308,42.22389053254438,23.326923076923077,30.0,0.0,0.4442307692307692,1-14,1-11
1523034884285,34.742553191489364,42.88052965142598,22.74255319148936,30.0,0.0,0.42340425531914894,2-24,2-26
1523034884635,35.60606060606061,43.09935720844812,30.606060606060606,41.0,0.0,0.403030303030303,2-22,2-24
1523034884639,35.26279069767442,50.6216387236344,28.26279069767442,44.0,0.0,0.4255813953488372,2-26,2-24
1523034884659,35.38421052631579,40.836592797783936,23.38421052631579,29.0,0.0,0.37894736842105264,2-24,2-22
1523034884764,35.107142857142854,41.95756802721088,30.107142857142858,37.0,0.0,0.44761904761904764,1-16,1-19
1523034884768,34.36590909090909,45.14111053719008,30.365909090909092,37.0,0.0,0.48409090909090907,1-10,1-19
1523034893340,35.93958333333333,40.460933159722224,23.939583333333335,29.521000000000015,0.0,0.34375,1-14,1-17
1523034893828,35.844897959183676,35.43716784673053,30.844897959183672,38.53300000000007,0.0,0.41836734693877553,1-16,1-13
1523034893880,35.40512820512821,42.34356344510191,23.405128205128204,36.0,0.0,0.44871794871794873,1-19,1-10
1523034893986,35.66590909090909,36.02247417355372,23.66590909090909,30.56099999999998,0.0,0.38181818181818183,1-11,1-14
1523034893989,35.8,38.43586206896552,23.8,29.0,0.0,0.2827586206896552,1-17,1-14
1523034894002,35.4275,38.20974375,23.4275,29.0,0.0,0.48,1-19,1-16
1523034894008,34.64888888888889,47.31672098765432,31.648888888888887,38.0,0.0,0.3933333333333333,1-13,1-16
1523034894035,35.40877192982456,41.21711603570329,23.40877192982456,30.0,0.0,0.4245614035087719,1-14,1-11
1523034894302,34.81,42.0779,22.81,30.0,0.0,0.418,2-24,2-26
1523034894663,35.59166666666667,43.58604166666667,30.591666666666665,41.0,0.0,0.4027777777777778,2-22,2-24
1523034894668,35.084782608695654,51.46020321361058,28.08478260869565,44.0,0.0,0.4217391304347826,2-26,2-24
1523034894680,35.335,40.327775,23.335,29.0,0.0,0.39,2-24,2-22
1523034894795,35.107142857142854,41.95756802721088,30.107142857142858,37.0,0.0,0.44761904761904764,1-16,1-19
1523034894800,34.346666666666664,45.62204444444445,30.346666666666668,37.0,0.0,0.4777777777777778,1-10,1-19
1523034903356,35.990196078431374,39.711668589004226,23.99019607843137,29.490999999999985,0.0,0.34509803921568627,1-14,1-17
1523034903853,35.864,35.237504,30.864,38.50299999999993,0.0,0.418,1-16,1-13
1523034903902,35.355,42.338975,23.355,36.0,0.0,0.455,1-19,1-10
1523034904018,35.64888888888889,36.090054320987655,23.648888888888887,30.550999999999988,0.0,0.38222222222222224,1-11,1-14
1523034904021,35.903225806451616,37.81644120707596,23.903225806451612,29.0,0.0,0.2903225806451613,1-17,1-14
1523034904037,35.37619047619047,38.31562358276644,23.376190476190477,29.0,0.0,0.4880952380952381,1-19,1-16
1523034904042,34.64888888888889,47.31672098765432,31.648888888888887,38.0,0.0,0.3933333333333333,1-13,1-16
1523034904056,35.40877192982456,41.21711603570329,23.40877192982456,30.0,0.0,0.4245614035087719,1-14,1-11
1523034904324,34.965384615384615,41.58726331360947,22.965384615384615,30.0,0.0,0.40384615384615385,2-24,2-26
1523034904691,35.48108108108108,43.617209642074506,30.481081081081083,41.0,0.0,0.3972972972972973,2-22,2-24
1523034904697,35.04255319148936,51.26201901312811,28.04255319148936,44.0,0.0,0.425531914893617,2-26,2-24
1523034904701,35.353488372093025,39.80992969172526,23.35348837209302,29.0,0.0,0.386046511627907,2-24,2-22
1523034904830,35.269767441860466,42.22489994591671,30.269767441860466,38.0,0.0,0.4372093023255814,1-16,1-19
1523034904835,34.358695652173914,45.47351134215501,30.358695652173914,37.0,0.0,0.4782608695652174,1-10,1-19
1523034913375,35.990196078431374,39.711668589004226,23.99019607843137,29.490999999999985,0.0,0.34509803921568627,1-14,1-17
1523034913871,35.81372549019608,35.30059592464437,30.813725490196077,38.472999999999956,0.0,0.4176470588235294,1-16,1-13
1523034913925,35.49523809523809,41.41664399092971,23.495238095238093,36.0,0.0,0.4380952380952381,1-19,1-10
1523034914051,35.75918367346939,35.17874219075385,23.759183673469387,30.511000000000024,0.0,0.37142857142857144,1-11,1-14
1523034914055,35.91818181818182,38.88724517906336,23.918181818181818,29.0,0.0,0.2878787878787879,1-17,1-14
1523034914065,35.372093023255815,37.93131422390481,23.372093023255815,29.0,0.0,0.4883720930232558,1-19,1-16
1523034914071,34.73061224489796,46.437634319033734,31.73061224489796,38.0,0.0,0.38979591836734695,1-13,1-16
1523034914093,35.33965517241379,41.33118608799049,23.339655172413792,30.0,0.0,0.4224137931034483,1-14,1-11
1523034914347,34.892857142857146,41.57423469387755,22.892857142857142,30.0,0.0,0.4017857142857143,2-24,2-26
1523034914722,35.19565217391305,40.783459357277884,23.195652173913043,29.0,0.0,0.39565217391304347,2-24,2-22
1523034914725,35.55384615384615,42.85735700197239,30.553846153846155,41.0,0.0,0.38974358974358975,2-22,2-24
1523034914730,35.15576923076923,51.00458210059172,28.15576923076923,44.0,0.0,0.4153846153846154,2-26,2-24
1523034914860,35.34468085106383,41.3620461747397,30.34468085106383,38.0,0.0,0.425531914893617,1-16,1-19
1523034914865,34.4,45.09106382978724,30.4,37.0,0.0,0.474468085106383,1-10,1-19
1523034923398,35.990196078431374,39.711668589004226,23.99019607843137,29.490999999999985,0.0,0.34509803921568627,1-14,1-17
1523034923892,35.76923076923077,36.13136094674556,30.76923076923077,38.442999999999984,0.0,0.4230769230769231,1-16,1-13
1523034923946,35.38636363636363,42.30526859504132,23.386363636363637,36.0,0.0,0.4409090909090909,1-19,1-10
1523034924085,35.75,35.2395,23.75,30.500999999999976,0.0,0.378,1-11,1-14
1523034924089,35.944117647058825,38.52334775086506,23.944117647058825,29.0,0.0,0.2823529411764706,1-17,1-14
1523034924103,35.43636363636364,37.382314049586775,23.436363636363637,29.0,0.0,0.4772727272727273,1-19,1-16
1523034924108,34.776,45.933824,31.776,38.0,0.0,0.386,1-13,1-16
1523034924119,35.35,40.71083333333333,23.35,30.0,0.0,0.415,1-14,1-11
1523034924368,34.892857142857146,41.57423469387755,22.892857142857142,30.0,0.0,0.4017857142857143,2-24,2-26
1523034924743,35.18163265306122,40.46292794668888,23.181632653061225,29.0,0.0,0.39387755102040817,2-24,2-22
1523034924762,35.5375,42.61359375,30.5375,41.0,0.0,0.385,2-22,2-24
1523034924767,35.14909090909091,49.737771900826445,28.14909090909091,44.0,0.0,0.40545454545454546,2-26,2-24
1523034924894,35.36530612244898,41.823694294044145,30.36530612244898,38.0,0.0,0.4122448979591837,1-16,1-19
1523034924899,34.458333333333336,44.84826388888889,30.458333333333332,37.0,0.0,0.4791666666666667,1-10,1-19
1523034933424,35.90576923076923,40.766120562130176,23.90576923076923,29.480999999999995,0.0,0.35,1-14,1-17
1523034933914,35.79245283018868,35.95315058739765,30.79245283018868,38.41300000000001,0.0,0.4320754716981132,1-16,1-13
1523034933968,35.530434782608694,41.58385633270321,23.530434782608694,36.0,0.0,0.4282608695652174,1-19,1-10
1523034934118,35.863461538461536,34.73712647928994,23.86346153846154,30.480999999999995,0.0,0.36346153846153845,1-11,1-14
1523034934123,35.94736842105263,37.82880886426593,23.94736842105263,29.0,0.0,0.29210526315789476,1-17,1-14
1523034934140,35.43636363636364,37.382314049586775,23.436363636363637,29.0,0.0,0.4772727272727273,1-19,1-16
1523034934145,35.291803278688526,40.76730986294007,23.291803278688526,30.0,0.0,0.41147540983606556,1-14,1-11
1523034934145,34.73921568627451,45.82022683583237,31.73921568627451,38.0,0.0,0.39215686274509803,1-13,1-16
1523034934399,34.901754385964914,41.295610957217605,22.901754385964914,30.0,0.0,0.39824561403508774,2-24,2-26
1523034934767,35.25686274509804,40.14774702037678,23.25686274509804,29.0,0.0,0.3862745098039216,2-24,2-22
1523034934794,35.42926829268293,43.52304580606782,30.429268292682927,41.0,0.0,0.3878048780487805,2-22,2-24
1523034934799,35.15689655172414,49.02538347205707,28.156896551724138,44.0,0.0,0.4068965517241379,2-26,2-24
1523034934931,35.44313725490196,40.95264898116109,30.44313725490196,38.0,0.0,0.4117647058823529,1-16,1-19
1523034934936,34.57843137254902,44.106593617839295,30.57843137254902,37.0,0.0,0.4666666666666667,1-10,1-19
1523034943448,35.87169811320755,40.70051975792097,23.871698113207547,29.471000000000004,0.0,0.3433962264150943,1-14,1-17
1523034943949,35.775925925925925,35.90719821673525,30.775925925925925,38.38300000000004,0.0,0.4388888888888889,1-16,1-13
1523034943984,35.42857142857143,43.583673469387755,23.428571428571427,36.0,0.0,0.42857142857142855,1-19,1-10
1523034944151,35.85925925925926,34.313525377229084,23.85925925925926,30.461000000000013,0.0,0.37222222222222223,1-11,1-14
1523034944157,36.0625,37.04859375,24.0625,29.0,0.0,0.2925,1-17,1-14
1523034944172,35.33174603174603,40.135976316452506,23.331746031746032,30.0,0.0,0.4174603174603175,1-14,1-11
1523034944176,35.43636363636364,37.382314049586775,23.436363636363637,29.0,0.0,0.4772727272727273,1-19,1-16
1523034944182,34.73921568627451,45.82022683583237,31.73921568627451,38.0,0.0,0.39215686274509803,1-13,1-16
1523034944418,34.876271186440675,41.559267451881645,22.87627118644068,30.0,0.0,0.3949152542372881,2-24,2-26
1523034944792,35.348076923076924,39.8038424556213,23.348076923076924,29.0,0.0,0.37884615384615383,2-24,2-22
1523034944824,35.57674418604651,42.653412655489454,30.57674418604651,41.0,0.0,0.3767441860465116,2-22,2-24
1523034944830,35.15689655172414,49.02538347205707,28.156896551724138,44.0,0.0,0.4068965517241379,2-26,2-24
1523034944968,35.54821428571429,39.79767538265306,30.548214285714284,38.0,0.0,0.3964285714285714,1-16,1-19
1523034944974,34.690384615384616,43.90221523668639,30.690384615384616,37.0,0.0,0.4576923076923077,1-10,1-19
1523034953471,36.027272727272724,39.86652892561983,24.027272727272727,29.451000000000022,0.0,0.33090909090909093,1-14,1-17
1523034953973,35.816071428571426,35.607241709183675,30.81607142857143,38.32300000000009,0.0,0.4303571428571429,1-16,1-13
1523034954013,35.260377358490565,43.36993948024208,23.260377358490565,36.0,0.0,0.44339622641509435,1-19,1-10
1523034954185,35.833333333333336,34.27923976608187,23.833333333333332,30.43100000000004,0.0,0.3719298245614035,1-11,1-14
1523034954189,36.09268292682927,36.73775133848899,24.09268292682927,29.0,0.0,0.3073170731707317,1-17,1-14
1523034954200,35.253846153846155,40.8201775147929,23.253846153846155,30.0,0.0,0.42923076923076925,1-14,1-11
1523034954212,35.55744680851064,36.90627433227705,23.557446808510637,29.0,0.0,0.46595744680851064,1-19,1-16
1523034954217,34.735849056603776,45.22079031683873,31.735849056603772,38.0,0.0,0.39433962264150946,1-13,1-16
1523034954445,34.81935483870968,42.07704474505723,22.81935483870968,30.0,0.0,0.3935483870967742,2-24,2-26
1523034954814,35.412962962962965,39.38316529492455,23.41296296296296,29.0,0.0,0.3888888888888889,2-24,2-22
1523034954861,35.62826086956522,41.7813752362949,30.628260869565217,41.0,0.0,0.391304347826087,2-22,2-24
1523034954867,35.1271186440678,48.76180695202528,28.127118644067796,44.0,0.0,0.4101694915254237,2-26,2-24
1523034955008,35.58166666666666,40.15999722222222,30.581666666666667,38.0,0.0,0.41,1-16,1-19
1523034955014,34.587037037037035,44.26464677640604,30.58703703703704,37.0,0.0,0.46296296296296297,1-10,1-19
1523034963495,35.9271186440678,40.53536627405918,23.927118644067797,29.410999999999945,0.0,0.3423728813559322,1-14,1-17
1523034963998,35.76101694915254,36.52424303361103,30.76101694915254,38.232999999999834,0.0,0.42203389830508475,1-16,1-13
1523034964042,35.28545454545455,42.96397024793389,23.285454545454545,36.0,0.0,0.4381818181818182,1-19,1-10
1523034964223,35.869491525423726,34.63550991094513,23.86949152542373,30.410999999999945,0.0,0.37457627118644066,1-11,1-14
1523034964224,35.350746268656714,40.341156159501004,23.350746268656717,30.0,0.0,0.42388059701492536,1-14,1-11
1523034964228,36.13409090909091,36.52065599173554,24.134090909090908,29.0,0.0,0.29772727272727273,1-17,1-14
1523034964251,35.65833333333333,36.62076388888889,23.658333333333335,29.0,0.0,0.45625,1-19,1-16
1523034964257,34.71071428571429,45.47702806122449,31.710714285714285,38.0,0.0,0.3821428571428571,1-13,1-16
1523034964470,34.941538461538464,41.375043786982246,22.94153846153846,30.0,0.0,0.3861538461538462,2-24,2-26
1523034964846,35.50526315789474,38.59383194829178,23.50526315789474,29.0,0.0,0.37894736842105264,2-24,2-22
1523034964895,35.61666666666667,42.028055555555554,30.616666666666667,41.0,0.0,0.40208333333333335,2-22,2-24
1523034964901,35.18032786885246,48.328137597420046,28.18032786885246,44.0,0.0,0.40327868852459015,2-26,2-24
1523034965050,35.596825396825395,39.86919627110103,30.5968253968254,38.0,0.0,0.3984126984126984,1-16,1-19
1523034965055,34.587037037037035,44.26464677640604,30.58703703703704,37.0,0.0,0.46296296296296297,1-10,1-19
1523034973518,35.89,40.3379,23.89,29.400999999999954,0.0,0.35,1-14,1-17
1523034974026,35.778688524590166,36.05102123085192,30.778688524590162,38.17299999999989,0.0,0.4245901639344262,1-16,1-13
1523034974080,35.45172413793104,42.154565992865635,23.451724137931034,36.0,0.0,0.41724137931034483,1-19,1-10
1523034974253,35.319718309859155,39.98369569529855,23.319718309859155,30.0,0.0,0.4352112676056338,1-14,1-11
1523034974258,35.84,34.71106666666667,23.84,30.400999999999954,0.0,0.375,1-11,1-14
1523034974263,36.16222222222222,36.25590617283951,24.162222222222223,29.0,0.0,0.30666666666666664,1-17,1-14
1523034974289,35.59183673469388,36.77217825905873,23.591836734693878,29.0,0.0,0.45510204081632655,1-19,1-16
1523034974295,34.639655172413796,45.0167033293698,31.639655172413793,38.0,0.0,0.3810344827586207,1-13,1-16
1523034974494,34.95820895522388,41.05496992648697,22.95820895522388,30.0,0.0,0.3835820895522388,2-24,2-26
1523034974872,35.53103448275862,38.40076099881094,23.53103448275862,29.0,0.0,0.3741379310344828,2-24,2-22
1523034974932,35.61666666666667,42.028055555555554,30.616666666666667,41.0,0.0,0.40208333333333335,2-22,2-24
1523034974938,35.17741935483871,48.08465140478668,28.177419354838708,44.0,0.0,0.39838709677419354,2-26,2-24
1523034975090,35.615625,39.580380859375,30.615625,38.0,0.0,0.3953125,1-16,1-19
1523034975096,34.587037037037035,44.26464677640604,30.58703703703704,37.0,0.0,0.46296296296296297,1-10,1-19
1523034983545,35.84098360655738,40.422254770223056,23.840983606557376,29.390999999999963,0.0,0.3524590163934426,1-14,1-17
1523034984052,35.61692307692308,36.77479053254438,30.616923076923076,38.053,0.0,0.42,1-16,1-13
1523034984105,35.433898305084746,42.72359666762424,23.433898305084746,36.0,0.0,0.42033898305084744,1-19,1-10
1523034984278,35.319718309859155,39.98369569529855,23.319718309859155,30.0,0.0,0.4352112676056338,1-14,1-11
1523034984298,35.91475409836065,34.48125772641763,23.914754098360657,30.390999999999963,0.0,0.36885245901639346,1-11,1-14
1523034984303,36.256521739130434,35.87332703213611,24.256521739130434,29.0,0.0,0.3,1-17,1-14
1523034984329,35.56,36.7264,23.56,29.0,0.0,0.462,1-19,1-16
1523034984335,34.639655172413796,45.0167033293698,31.639655172413793,38.0,0.0,0.3810344827586207,1-13,1-16
1523034984520,34.963235294117645,40.82658953287197,22.96323529411765,30.0,0.0,0.38088235294117645,2-24,2-26
1523034984897,35.61666666666667,38.54638888888889,23.616666666666667,29.0,0.0,0.37333333333333335,2-24,2-22
1523034984973,35.675,40.88091346153846,30.675,41.0,0.0,0.3903846153846154,2-22,2-24
1523034984979,35.28636363636364,46.913450413223146,28.286363636363635,44.0,0.0,0.40454545454545454,2-26,2-24
1523034985133,35.446376811594206,41.10799411888259,30.446376811594202,38.0,0.0,0.39710144927536234,1-16,1-19
1523034985138,34.566071428571426,44.045634566326534,30.56607142857143,37.0,0.0,0.4625,1-10,1-19
1523034993572,35.84098360655738,40.422254770223056,23.840983606557376,29.390999999999963,0.0,0.3524590163934426,1-14,1-17
1523034994077,35.74328358208955,36.19976832256627,30.743283582089553,37.99300000000005,0.0,0.40746268656716417,1-16,1-13
1523034994132,35.7015873015873,41.549045099521294,23.701587301587303,36.0,0.0,0.40476190476190477,1-19,1-10
1523034994308,35.28378378378378,40.22757487216947,23.283783783783782,30.0,0.0,0.43648648648648647,1-14,1-11
1523034994337,35.91774193548387,34.27226586888658,23.91774193548387,30.380999999999972,0.0,0.3709677419354839,1-11,1-14
1523034994342,36.32083333333333,35.55123263888889,24.320833333333333,29.0,0.0,0.30416666666666664,1-17,1-14
1523034994369,35.56,36.7264,23.56,29.0,0.0,0.462,1-19,1-16
1523034994375,34.5728813559322,46.17350186727952,31.572881355932203,38.0,0.0,0.3847457627118644,1-13,1-16
1523034994548,34.91549295774648,41.01539377107717,22.91549295774648,30.0,0.0,0.38591549295774646,2-24,2-26
1523034994925,35.6,38.79757575757576,23.6,29.0,0.0,0.35454545454545455,2-24,2-22
1523034995017,35.60909090909091,40.56900826446281,30.60909090909091,41.0,0.0,0.40545454545454546,2-22,2-24
1523034995023,35.24202898550725,47.05881327452216,28.242028985507247,44.0,0.0,0.4072463768115942,2-26,2-24
1523034995170,35.47042253521127,40.89982939892878,30.470422535211267,38.0,0.0,0.4,1-16,1-19
1523034995175,34.566071428571426,44.045634566326534,30.56607142857143,37.0,0.0,0.4625,1-10,1-19
1523035003599,35.87777777777778,40.61522045855379,23.877777777777776,29.37099999999998,0.0,0.3412698412698413,1-14,1-17
1523035004104,35.85942028985507,35.607773576979625,30.859420289855073,37.933000000000106,0.0,0.39565217391304347,1-16,1-13
1523035004158,35.715384615384615,41.29284023668639,23.715384615384615,36.0,0.0,0.4,1-19,1-10
1523035004338,35.37564102564102,39.52171433267587,23.375641025641027,30.0,0.0,0.4307692307692308,1-14,1-11
1523035004378,35.8796875,34.41521240234375,23.8796875,30.36099999999999,0.0,0.38125,1-11,1-14
1523035004383,36.210204081632654,37.25989587671803,24.210204081632654,29.0,0.0,0.3122448979591837,1-17,1-14
1523035004408,35.56,36.7264,23.56,29.0,0.0,0.462,1-19,1-16
1523035004415,34.595238095238095,45.60918367346939,31.595238095238095,38.0,0.0,0.37777777777777777,1-13,1-16
1523035004576,34.94583333333333,40.82067708333334,22.945833333333333,30.0,0.0,0.39305555555555555,2-24,2-26
1523035004952,35.57462686567164,38.68622187569615,23.574626865671643,29.0,0.0,0.3567164179104478,2-24,2-22
1523035005056,35.56315789473684,40.42846722068329,30.563157894736843,41.0,0.0,0.41403508771929826,2-22,2-24
1523035005062,35.07857142857143,48.852397959183676,28.07857142857143,44.0,0.0,0.41,2-26,2-24
1523035005213,35.54189189189189,40.98067750182615,30.541891891891893,38.0,0.0,0.3932432432432432,1-16,1-19
1523035005219,34.67413793103448,43.730020808561235,30.674137931034483,37.0,0.0,0.4603448275862069,1-10,1-19
1523035013622,35.809375,40.691787109375,23.809375,29.36099999999999,0.0,0.3453125,1-14,1-17
1523035014136,35.93521126760563,35.173267208887125,30.935211267605634,37.87300000000016,0.0,0.3845070422535211,1-16,1-13
1523035014179,35.713432835820896,41.02235687235465,23.713432835820896,36.0,0.0,0.4059701492537313,1-19,1-10
1523035014363,35.37564102564102,39.52171433267587,23.375641025641027,30.0,0.0,0.4307692307692308,1-14,1-11
1523035014419,35.94769230769231,34.18495621301775,23.947692307692307,30.351,0.0,0.37538461538461537,1-11,1-14
1523035014425,36.22641509433962,36.971377714489144,24.22641509433962,29.0,0.0,0.33773584905660375,1-17,1-14
1523035014451,35.75576923076923,36.280735946745565,23.755769230769232,29.0,0.0,0.4442307692307692,1-19,1-16
1523035014458,34.52388059701492,45.130026732011586,31.523880597014927,38.0,0.0,0.38656716417910447,1-13,1-16
1523035014600,34.94583333333333,40.82067708333334,22.945833333333333,30.0,0.0,0.39305555555555555,2-24,2-26
1523035014975,35.61,38.18075714285714,23.61,29.0,0.0,0.35285714285714287,2-24,2-22
1523035015090,35.560344827586206,40.17394470868014,30.560344827586206,41.0,0.0,0.4224137931034483,2-22,2-24
1523035015096,35.08028169014084,48.654118230509816,28.080281690140843,44.0,0.0,0.4126760563380282,2-26,2-24
1523035015257,35.54189189189189,40.98067750182615,30.541891891891893,38.0,0.0,0.3932432432432432,1-16,1-19
1523035015263,34.711666666666666,43.28186388888889,30.711666666666666,37.0,0.0,0.46,1-10,1-19
1523035023649,35.83714285714286,39.993477551020405,23.837142857142858,29.301000000000045,0.0,0.3457142857142857,1-14,1-17
1523035024162,35.75890410958904,38.007626196284484,30.75890410958904,37.812999999999874,0.0,0.39315068493150684,1-16,1-13
1523035024207,35.73970588235294,40.86018814878893,23.73970588235294,36.0,0.0,0.4073529411764706,1-19,1-10
1523035024395,35.37564102564102,39.52171433267587,23.375641025641027,30.0,0.0,0.4307692307692308,1-14,1-11
1523035024463,35.8536231884058,35.39741440873766,23.8536231884058,30.311000000000035,0.0,0.38115942028985506,1-11,1-14
1523035024468,36.17272727272727,36.851983471074384,24.172727272727272,29.0,0.0,0.3418181818181818,1-17,1-14
1523035024495,35.68490566037736,36.40826272694909,23.684905660377357,29.0,0.0,0.44528301886792454,1-19,1-16
1523035024502,34.55441176470588,44.78233347750865,31.554411764705883,38.0,0.0,0.38676470588235295,1-13,1-16
1523035024624,34.98026315789474,41.38513677285319,22.980263157894736,30.0,0.0,0.40921052631578947,2-24,2-26
1523035024998,35.59861111111111,38.643053626543214,23.59861111111111,29.28099999999995,0.0,0.35138888888888886,2-24,2-22
1523035025128,35.56333333333333,39.89265555555556,30.563333333333333,41.0,0.0,0.425,2-22,2-24
1523035025134,34.983333333333334,49.341388888888886,27.983333333333334,44.0,0.0,0.41388888888888886,2-26,2-24
1523035025302,35.54189189189189,40.98067750182615,30.541891891891893,38.0,0.0,0.3932432432432432,1-16,1-19
1523035025308,34.791935483870965,43.264773673257025,30.79193548387097,37.0,0.0,0.45161290322580644,1-10,1-19
1523035033676,35.87638888888889,39.62499807098765,23.87638888888889,30.0,0.0,0.3388888888888889,1-14,1-17
1523035034192,35.75890410958904,38.007626196284484,30.75890410958904,37.812999999999874,0.0,0.39315068493150684,1-16,1-13
1523035034237,35.73888888888889,40.15682098765432,23.738888888888887,36.0,0.0,0.40694444444444444,1-19,1-10
1523035034425,35.35375,39.4436109375,23.35375,30.0,0.0,0.43125,1-14,1-11
1523035034506,35.733333333333334,35.85944444444444,23.733333333333334,30.28099999999995,0.0,0.3875,1-11,1-14
1523035034511,36.166666666666664,36.672222222222224,24.166666666666668,29.0,0.0,0.3456140350877193,1-17,1-14
1523035034536,35.76851851851852,36.10752743484225,23.76851851851852,29.0,0.0,0.43703703703703706,1-19,1-16
1523035034543,34.55652173913043,44.63231253938248,31.556521739130435,38.0,0.0,0.3869565217391304,1-13,1-16
1523035034655,35.09875,40.8489984375,23.09875,30.0,0.0,0.4025,2-24,2-26
1523035035029,35.52207792207792,39.03912295496711,23.522077922077923,29.230999999999995,0.0,0.35584415584415585,2-24,2-22
1523035035172,35.56333333333333,39.89265555555556,30.563333333333333,41.0,0.0,0.425,2-22,2-24
1523035035178,34.983333333333334,49.341388888888886,27.983333333333334,44.0,0.0,0.41388888888888886,2-26,2-24
1523035035348,35.524358974358975,41.3750476660092,30.524358974358975,38.0,0.0,0.3974358974358974,1-16,1-19
1523035035354,34.8390625,43.50378662109375,30.8390625,37.0,0.0,0.440625,1-10,1-19
1523035043703,35.832432432432434,39.396245434623815,23.832432432432434,30.0,0.0,0.34594594594594597,1-14,1-17
1523035044219,35.777027027027025,37.86244521548576,30.777027027027028,37.7829999999999,0.0,0.3891891891891892,1-16,1-13
1523035044260,35.73888888888889,40.15682098765432,23.738888888888887,36.0,0.0,0.40694444444444444,1-19,1-10
1523035044455,35.27439024390244,39.95031975014872,23.274390243902438,30.0,0.0,0.43414634146341463,1-14,1-11
1523035044550,35.75479452054795,35.6343948207919,23.754794520547946,30.270999999999958,0.0,0.38767123287671235,1-11,1-14
1523035044555,36.241379310344826,36.36242568370987,24.24137931034483,29.0,0.0,0.3396551724137931,1-17,1-14
1523035044573,35.72,36.22705454545454,23.72,29.0,0.0,0.4381818181818182,1-19,1-16
1523035044580,34.558571428571426,44.446569387755105,31.55857142857143,38.0,0.0,0.38142857142857145,1-13,1-16
1523035044684,35.07209302325582,40.95526771227691,23.072093023255814,30.0,0.0,0.40813953488372096,2-24,2-26
1523035045060,35.51375,39.2498109375,23.51375,30.201000000000022,0.0,0.37,2-24,2-22
1523035045215,35.6328125,39.15736083984375,30.6328125,41.0,0.0,0.4265625,2-22,2-24
1523035045222,34.87948717948718,49.05214332675871,27.879487179487178,44.0,0.0,0.4166666666666667,2-26,2-24
1523035045391,35.524358974358975,41.3750476660092,30.524358974358975,38.0,0.0,0.3974358974358974,1-16,1-19
1523035045397,34.92,43.255138461538465,30.92,37.0,0.0,0.4338461538461538,1-10,1-19
1523035053731,35.95131578947368,38.88841932132964,23.951315789473686,30.0,0.0,0.3368421052631579,1-14,1-17
1523035054249,35.6974025974026,38.127915331421825,30.697402597402597,37.692999999999984,0.0,0.38961038961038963,1-16,1-13
1523035054290,35.71923076923077,39.92757889546351,23.71923076923077,36.0,0.0,0.40512820512820513,1-19,1-10
1523035054485,35.22235294117647,39.76585328719723,23.22235294117647,30.0,0.0,0.4388235294117647,1-14,1-11
1523035054591,35.4987012987013,37.80324506662169,23.4987012987013,30.230999999999995,0.0,0.38961038961038963,1-11,1-14
1523035054597,36.18360655737705,36.99251814028487,24.18360655737705,29.0,0.0,0.34098360655737703,1-17,1-14
1523035054619,35.72982456140351,36.105952600800244,23.729824561403507,29.0,0.0,0.43508771929824563,1-19,1-16
1523035054625,34.653424657534245,43.83741977857009,31.653424657534245,38.0,0.0,0.38082191780821917,1-13,1-16
1523035054717,35.07209302325582,40.95526771227691,23.072093023255814,30.0,0.0,0.40813953488372096,2-24,2-26
1523035055091,35.50617283950617,39.17835695778083,23.506172839506174,30.19100000000003,0.0,0.3691358024691358,2-24,2-22
1523035055258,35.66567164179104,38.59867231009134,30.665671641791043,41.0,0.0,0.43582089552238806,2-22,2-24
1523035055264,34.90375,48.6644859375,27.90375,44.0,0.0,0.42,2-26,2-24
1523035055436,35.54810126582279,41.2299647492389,30.548101265822783,38.0,0.0,0.4012658227848101,1-16,1-19
1523035055443,34.9264705882353,42.76812283737024,30.926470588235293,37.0,0.0,0.43676470588235294,1-10,1-19
1523035063755,36.006493506493506,38.676581210996794,24.006493506493506,30.0,0.0,0.33246753246753247,1-14,1-17
1523035064277,35.6974025974026,38.127915331421825,30.697402597402597,37.692999999999984,0.0,0.38961038961038963,1-16,1-13
1523035064314,35.7379746835443,39.73514020189072,23.737974683544305,36.0,0.0,0.40379746835443037,1-19,1-10
1523035064509,35.187209302325584,40.084720118983235,23.18720930232558,30.0,0.0,0.4383720930232558,1-14,1-11
1523035064638,35.525,37.494375,23.525,30.201000000000022,0.0,0.39125,1-11,1-14
1523035064644,36.05873015873016,37.25528092718569,24.05873015873016,29.0,0.0,0.3492063492063492,1-17,1-14
1523035064662,35.869354838709675,35.620028616024975,23.86935483870968,29.0,0.0,0.41774193548387095,1-19,1-16
1523035064668,34.75333333333333,43.383155555555554,31.753333333333334,38.0,0.0,0.37466666666666665,1-13,1-16
1523035064745,35.120224719101124,40.58891680343391,23.120224719101124,30.0,0.0,0.4044943820224719,2-24,2-26
1523035065123,35.47560975609756,39.207941701368235,23.475609756097562,30.18100000000004,0.0,0.37317073170731707,2-24,2-22
1523035065298,35.68235294117647,38.410865051903116,30.68235294117647,41.0,0.0,0.4338235294117647,2-22,2-24
1523035065305,34.971604938271604,48.43499618960524,27.971604938271604,44.0,0.0,0.4148148148148148,2-26,2-24
1523035065484,35.621428571428574,40.69001700680272,30.62142857142857,38.0,0.0,0.3952380952380952,1-16,1-19
1523035065490,34.902898550724636,42.55144087376602,30.902898550724636,37.0,0.0,0.4318840579710145,1-10,1-19
1523035073785,35.998717948717946,38.61410092044707,23.99871794871795,30.0,0.0,0.3384615384615385,1-14,1-17
1523035074301,35.756962025316454,38.14346418843134,30.756962025316454,37.63300000000004,0.0,0.3886075949367089,1-16,1-13
1523035074347,35.72839506172839,39.52129248590154,23.728395061728396,36.0,0.0,0.40987654320987654,1-19,1-10
1523035074543,35.22159090909091,40.19067019628099,23.22159090909091,30.0,0.0,0.43068181818181817,1-14,1-11
1523035074686,35.525,37.494375,23.525,30.201000000000022,0.0,0.39125,1-11,1-14
1523035074692,35.975,38.961875,32.975,38.0,0.0,0.346875,1-17,1-14
1523035074708,35.869354838709675,35.620028616024975,23.86935483870968,29.0,0.0,0.41774193548387095,1-19,1-16
1523035074715,34.784415584415584,43.11196491819869,31.784415584415584,38.0,0.0,0.37792207792207794,1-13,1-16
1523035074779,35.07333333333333,40.681288888888886,23.073333333333334,30.0,0.0,0.4066666666666667,2-24,2-26
1523035075153,35.47790697674419,39.04718631692807,23.477906976744187,30.140999999999963,0.0,0.36627906976744184,2-24,2-22
1523035075341,35.63943661971831,38.91506447133505,30.63943661971831,41.0,0.0,0.4253521126760563,2-22,2-24
1523035075348,34.928048780487806,48.61067668054729,27.928048780487806,44.0,0.0,0.4146341463414634,2-26,2-24
1523035075536,35.643478260869564,40.809848771266545,30.643478260869564,38.0,0.0,0.3923913043478261,1-16,1-19
1523035075542,34.95428571428572,42.18648163265306,30.954285714285714,37.0,0.0,0.4257142857142857,1-10,1-19
1523035083812,36.009756097560974,38.9730755502677,24.009756097560974,30.0,0.0,0.34146341463414637,1-14,1-17
1523035084328,35.756962025316454,38.14346418843134,30.756962025316454,37.63300000000004,0.0,0.3886075949367089,1-16,1-13
1523035084380,35.744578313253015,39.24319349687908,23.74457831325301,36.0,0.0,0.4108433734939759,1-19,1-10
1523035084575,35.193258426966295,40.20534780962,23.193258426966292,30.0,0.0,0.4303370786516854,1-14,1-11
1523035084734,35.45185185185185,38.26990397805213,23.451851851851853,30.19100000000003,0.0,0.3950617283950617,1-11,1-14
1523035084740,35.95909090909091,38.954387052341595,32.95909090909091,38.0,0.0,0.3409090909090909,1-17,1-14
1523035084755,35.869354838709675,35.620028616024975,23.86935483870968,29.0,0.0,0.41774193548387095,1-19,1-16
1523035084762,34.86,43.0329,31.86,38.0,0.0,0.3825,1-13,1-16
1523035084813,35.075268817204304,40.51261417504914,23.0752688172043,30.0,0.0,0.4129032258064516,2-24,2-26
1523035085185,35.48068181818182,38.89280862603306,23.480681818181818,30.12099999999998,0.0,0.36704545454545456,2-24,2-22
1523035085398,35.57085020242915,39.29221371710185,30.57085020242915,41.0,0.0,0.42780026990553305,2-22,2-24
1523035085405,35.08117647058823,47.92399861591696,28.081176470588236,44.0,0.0,0.40588235294117647,2-26,2-24
1523035085584,35.661702127659574,40.66215029425079,30.661702127659574,38.0,0.0,0.39148936170212767,1-16,1-19
1523035085590,34.95211267605634,42.127284268994245,30.952112676056338,37.0,0.0,0.423943661971831,1-10,1-19
1523035093836,36.02771084337349,38.85344897662941,24.027710843373494,30.0,0.0,0.3457831325301205,1-14,1-17
1523035094358,35.756962025316454,38.14346418843134,30.756962025316454,37.63300000000004,0.0,0.3886075949367089,1-16,1-13
1523035094409,35.770930232558136,38.75566657652785,23.77093023255814,36.0,0.0,0.4069767441860465,1-19,1-10
1523035094609,35.25806451612903,40.20652098508498,23.258064516129032,30.0,0.0,0.41935483870967744,1-14,1-11
1523035094785,35.555813953488375,37.55618712817739,23.55581395348837,30.140999999999963,0.0,0.39069767441860465,1-11,1-14
1523035094791,35.88260869565217,38.92679899180844,32.88260869565217,38.0,0.0,0.34782608695652173,1-17,1-14
1523035094804,35.8828125,36.00657958984375,23.8828125,29.0,0.0,0.41875,1-19,1-16
1523035094812,34.85925925925926,42.97031550068587,31.85925925925926,38.0,0.0,0.38395061728395063,1-13,1-16
1523035094841,35.075268817204304,40.51261417504914,23.0752688172043,30.0,0.0,0.4129032258064516,2-24,2-26
1523035095215,35.48068181818182,38.89280862603306,23.480681818181818,30.12099999999998,0.0,0.36704545454545456,2-24,2-22
1523035095448,35.8987012987013,52.950777534154156,30.898701298701297,67.0,0.0,0.43506493506493504,2-22,2-24
1523035095455,35.125,47.10482954545454,28.125,44.0,0.0,0.4056818181818182,2-26,2-24
1523035095637,35.708333333333336,40.36076388888889,30.708333333333332,38.0,0.0,0.3885416666666667,1-16,1-19
1523035095643,34.93648648648649,42.89731738495252,30.936486486486487,37.0,0.0,0.42027027027027025,1-10,1-19
1523035103868,36.084883720930236,39.05674824229313,24.084883720930232,30.0,0.0,0.34186046511627904,1-14,1-17
1523035104390,35.72439024390244,38.002088042831645,30.724390243902437,37.54300000000012,0.0,0.3926829268292683,1-16,1-13
1523035104441,35.70537634408602,40.498143137935024,23.705376344086023,36.0,0.0,0.4172043010752688,1-19,1-10
1523035104637,35.25806451612903,40.20652098508498,23.258064516129032,30.0,0.0,0.41935483870967744,1-14,1-11
1523035104835,35.57272727272727,37.25380165289256,23.572727272727274,30.12099999999998,0.0,0.38522727272727275,1-11,1-14
1523035104841,35.79571428571428,39.576838775510204,32.79571428571428,38.0,0.0,0.3485714285714286,1-17,1-14
1523035104846,35.82,35.95067692307692,23.82,29.0,0.0,0.41846153846153844,1-19,1-16
1523035104854,34.83658536585366,43.20500297441999,31.836585365853658,38.0,0.0,0.3902439024390244,1-13,1-16
1523035104876,35.066315789473684,40.74402326869806,23.066315789473684,30.0,0.0,0.42,2-24,2-26
1523035105247,35.48068181818182,38.89280862603306,23.480681818181818,30.12099999999998,0.0,0.36704545454545456,2-24,2-22
1523035105502,35.9525,51.90024375,30.9525,67.0,0.0,0.4325,2-22,2-24
1523035105509,35.08988764044944,47.003156167150614,28.089887640449437,44.0,0.0,0.40786516853932586,2-26,2-24
1523035105690,35.7530612244898,40.349225322782175,30.753061224489795,40.02099999999996,0.0,0.3948979591836735,1-16,1-19
1523035105696,34.91948051948052,43.67403609377635,30.91948051948052,37.0,0.0,0.42337662337662335,1-10,1-19
1523035113901,36.132183908045974,38.80206764433875,24.132183908045977,30.0,0.0,0.33793103448275863,1-14,1-17
1523035114419,35.76860465116279,38.140642239048134,30.76860465116279,37.42299999999989,0.0,0.3872093023255814,1-16,1-13
1523035114477,35.64591836734694,40.90625885047897,23.64591836734694,36.0,0.0,0.42244897959183675,1-19,1-10
1523035114667,35.306382978723406,39.997618832050705,23.306382978723406,30.0,0.0,0.4148936170212766,1-14,1-11
1523035114883,35.51444444444444,37.56756913580247,23.514444444444443,30.101,0.0,0.38666666666666666,1-11,1-14
1523035114890,35.7375,39.82414930555556,32.7375,38.0,0.0,0.35694444444444445,1-17,1-14
1523035114895,35.75735294117647,36.80729887543253,23.75735294117647,29.0,0.0,0.4294117647058823,1-19,1-16
1523035114903,34.83658536585366,43.20500297441999,31.836585365853658,38.0,0.0,0.3902439024390244,1-13,1-16
1523035114909,35.14141414141414,40.380002040608105,23.141414141414142,30.0,0.0,0.4202020202020202,2-24,2-26
1523035115272,35.428260869565214,38.78615784499055,23.428260869565218,30.081000000000017,0.0,0.3695652173913043,2-24,2-22
1523035115553,36.06144578313253,50.71309188561475,31.06144578313253,67.0,0.0,0.42771084337349397,2-22,2-24
1523035115560,35.07111111111111,46.9704987654321,28.07111111111111,44.0,0.0,0.4111111111111111,2-26,2-24
1523035115754,35.813,39.988031,30.813,40.000999999999976,0.0,0.388,1-16,1-19
1523035115761,34.90506329113924,44.25807562890562,30.90506329113924,37.0,0.0,0.42025316455696204,1-10,1-19
1523035123933,36.08888888888889,39.19876543209877,24.08888888888889,30.0,0.0,0.33444444444444443,1-14,1-17
1523035124452,35.76860465116279,38.140642239048134,30.76860465116279,37.42299999999989,0.0,0.3872093023255814,1-16,1-13
1523035124512,35.593069306930694,41.15618958925595,23.593069306930694,36.0,0.0,0.4267326732673267,1-19,1-10
1523035124696,35.322105263157894,39.85835346260388,23.322105263157894,30.0,0.0,0.4147368421052632,1-14,1-11
1523035124936,35.48681318681319,37.60806786619973,23.486813186813187,30.091000000000008,0.0,0.3879120879120879,1-11,1-14
1523035124942,35.729138166894664,39.746059311963265,32.729138166894664,38.0,0.0,0.35841313269493846,1-17,1-14
1523035124942,35.157,40.574351,23.157,30.0,0.0,0.425,2-24,2-26
1523035124944,35.75735294117647,36.80729887543253,23.75735294117647,29.0,0.0,0.4294117647058823,1-19,1-16
1523035124951,34.85903614457831,43.01747858905502,31.85903614457831,38.0,0.0,0.3891566265060241,1-13,1-16
1523035125305,35.48279569892473,38.645402936755694,23.482795698924733,30.071000000000026,0.0,0.3655913978494624,2-24,2-22
1523035125599,36.048809523809524,50.729760487528345,31.048809523809524,67.0,0.0,0.43214285714285716,2-22,2-24
1523035125606,35.07111111111111,46.9704987654321,28.07111111111111,44.0,0.0,0.4111111111111111,2-26,2-24
1523035125803,35.813,39.988031,30.813,40.000999999999976,0.0,0.388,1-16,1-19
1523035125810,34.885,44.116775000000004,30.885,37.0,0.0,0.41875,1-10,1-19
1523035133967,36.02340425531915,39.167537347215934,24.02340425531915,30.0,0.0,0.3404255319148936,1-14,1-17
1523035134480,35.663636363636364,39.20504132231405,30.663636363636364,37.36299999999994,0.0,0.3886363636363636,1-16,1-13
1523035134543,35.61747572815534,41.1895975115468,23.61747572815534,36.0,0.0,0.4320388349514563,1-19,1-10
1523035134731,35.338144329896906,39.59493676267404,23.338144329896906,30.0,0.0,0.4175257731958763,1-14,1-11
1523035134978,35.1656862745098,40.391175509419455,23.165686274509802,29.980999999999995,0.0,0.4235294117647059,2-24,2-26
1523035134986,35.53478260869565,37.416181474480155,23.534782608695654,30.081000000000017,0.0,0.38369565217391305,1-11,1-14
1523035134992,36.19466666666667,56.14343822222222,33.19466666666667,73.0,0.0,0.356,1-17,1-14
1523035134995,35.61142857142857,37.22044081632653,23.611428571428572,29.0,0.0,0.43142857142857144,1-19,1-16
1523035135003,34.834883720930236,42.48203893996755,31.834883720930232,38.0,0.0,0.38953488372093026,1-13,1-16
1523035135339,35.46041666666667,38.49634982638889,23.460416666666667,30.041000000000054,0.0,0.359375,2-24,2-22
1523035135648,36.014117647058825,50.5692124567474,31.014117647058825,67.0,0.0,0.4329411764705882,2-22,2-24
1523035135656,35.03695652173913,47.04646030245747,28.036956521739132,44.0,0.0,0.4097826086956522,2-26,2-24
1523035135858,35.83883495145631,39.66140446790461,30.83883495145631,40.0,0.0,0.3825242718446602,1-16,1-19
1523035135865,34.88148148148148,43.8476817558299,30.881481481481483,37.0,0.0,0.42345679012345677,1-10,1-19
1523035143994,36.04105263157895,39.03936731301939,24.041052631578946,30.0,0.0,0.3452631578947368,1-14,1-17
1523035144505,35.708988764044946,38.94789673021083,30.708988764044943,37.33299999999997,0.0,0.3842696629213483,1-16,1-13
1523035144571,35.531132075471696,41.20752135991456,23.5311320754717,36.0,0.0,0.4377358490566038,1-19,1-10
1523035144762,35.338144329896906,39.59493676267404,23.338144329896906,30.0,0.0,0.4175257731958763,1-14,1-11
1523035145008,35.151923076923076,40.526919378698224,23.151923076923076,29.961000000000013,0.0,0.4221153846153846,2-24,2-26
1523035145037,35.60138888888889,37.05360918209877,23.601388888888888,29.0,0.0,0.4236111111111111,1-19,1-16
1523035145039,35.53478260869565,37.416181474480155,23.534782608695654,30.081000000000017,0.0,0.38369565217391305,1-11,1-14
1523035145045,34.86091954022989,42.30824283260669,31.860919540229887,38.0,0.0,0.38620689655172413,1-13,1-16
1523035145046,36.21410256410256,55.0964677843524,33.21410256410256,73.0,0.0,0.3641025641025641,1-17,1-14
1523035145366,35.494897959183675,38.32344335693461,23.494897959183675,30.020999999999958,0.0,0.35816326530612247,2-24,2-22
1523035145712,36.038636363636364,49.862143595041324,31.038636363636364,67.0,0.0,0.42613636363636365,2-22,2-24
1523035145720,34.973404255319146,46.94290968764147,27.97340425531915,44.0,0.0,0.41702127659574467,2-26,2-24
1523035145916,35.76981132075472,39.6960697757209,30.769811320754716,40.0,0.0,0.3877358490566038,1-16,1-19
1523035145923,34.94457831325301,43.539097111336915,30.94457831325301,37.0,0.0,0.41807228915662653,1-10,1-19
1523035154028,35.99278350515464,39.67932936550112,23.992783505154637,30.0,0.0,0.35360824742268043,1-14,1-17
1523035154534,35.7989010989011,38.46615263857022,30.798901098901098,37.273000000000025,0.0,0.3758241758241758,1-16,1-13
1523035154608,35.58165137614679,40.85801195185591,23.581651376146787,36.0,0.0,0.43302752293577984,1-19,1-10
1523035154798,35.37070707070707,39.21308131823283,23.37070707070707,30.0,0.0,0.4171717171717172,1-14,1-11
1523035155045,35.24622641509434,40.2271084015664,23.24622641509434,29.94100000000003,0.0,0.41415094339622643,2-24,2-26
1523035155096,35.618528610354225,36.68281745354112,23.618528610354222,29.0,0.0,0.4196185286103542,1-19,1-16
1523035155103,35.47021276595745,38.82145314622001,23.470212765957445,30.061000000000035,0.0,0.3851063829787234,1-11,1-14
1523035155104,34.84044943820225,42.936341371039006,31.840449438202246,38.0,0.0,0.3853932584269663,1-13,1-16
1523035155110,36.27215189873418,54.663908027559685,33.27215189873418,73.0,0.0,0.3594936708860759,1-17,1-14
1523035155400,35.515151515151516,38.21340679522498,23.515151515151516,30.010999999999967,0.0,0.3595959595959596,2-24,2-22
1523035155768,36.06111111111111,49.64404320987654,31.06111111111111,67.0,0.0,0.4177777777777778,2-22,2-24
1523035155776,35.08645833333333,47.04981662326389,28.086458333333333,44.0,0.0,0.4114583333333333,2-26,2-24
1523035155974,35.727777777777774,39.76108024691358,30.727777777777778,40.0,0.0,0.387037037037037,1-16,1-19
1523035155981,35.00833333333333,43.36064484126984,31.008333333333333,37.0,0.0,0.41309523809523807,1-10,1-19
1523035164061,35.99278350515464,39.67932936550112,23.992783505154637,30.0,0.0,0.35360824742268043,1-14,1-17
1523035164569,35.83440860215054,38.239246155624926,30.83440860215054,37.21300000000008,0.0,0.3860215053763441,1-16,1-13
1523035164643,35.49732142857143,41.214278539540814,23.49732142857143,36.0,0.0,0.43392857142857144,1-19,1-10
1523035164833,35.37029702970297,39.033177139496125,23.37029702970297,30.0,0.0,0.4178217821782178,1-14,1-11
1523035165083,35.27706422018348,40.352593216059255,23.277064220183487,29.911000000000058,0.0,0.41100917431192663,2-24,2-26
1523035165153,35.40618556701031,39.624704006802,23.406185567010308,30.03099999999995,0.0,0.388659793814433,1-11,1-14
1523035165157,35.913513513513514,47.22765522279036,23.913513513513514,62.26099999999997,0.0,0.41621621621621624,1-19,1-16
1523035165160,36.28875,54.2603734375,33.28875,73.0,0.0,0.36625,1-17,1-14
1523035165165,34.836666666666666,42.82998888888889,31.836666666666666,38.0,0.0,0.38666666666666666,1-13,1-16
1523035165432,35.447524752475246,38.316553279090286,23.447524752475246,30.0,0.0,0.3603960396039604,2-24,2-22
1523035165825,36.04835164835165,49.50315662359618,31.048351648351648,67.0,0.0,0.421978021978022,2-22,2-24
1523035165833,35.065,46.508775,28.065,44.0,0.0,0.418,2-26,2-24
1523035166033,35.72142857142857,39.588469387755104,30.72142857142857,40.0,0.0,0.38392857142857145,1-16,1-19
1523035166041,35.08372093023256,42.96043266630611,31.08372093023256,37.0,0.0,0.413953488372093,1-10,1-19
1523035174092,35.91683168316832,39.882191941966475,23.91683168316832,30.0,0.0,0.3683168316831683,1-14,1-17
1523035174605,35.822105263157894,38.11256398891967,30.822105263157894,37.153000000000134,0.0,0.3936842105263158,1-16,1-13
1523035174679,35.49391304347826,41.36822381852552,23.493913043478262,36.0,0.0,0.43478260869565216,1-19,1-10
1523035174870,35.37029702970297,39.033177139496125,23.37029702970297,30.0,0.0,0.4178217821782178,1-14,1-11
1523035175121,35.21727272727273,40.84824710743801,23.21727272727273,29.901000000000067,0.0,0.41545454545454547,2-24,2-26
1523035175204,36.011538461538464,46.10884122287968,24.01153846153846,62.221000000000004,0.0,0.4128205128205128,1-19,1-16
1523035175209,35.34591836734694,39.82217721782591,23.34591836734694,30.020999999999958,0.0,0.38979591836734695,1-11,1-14
1523035175212,34.7304347826087,43.731682419659734,31.730434782608697,38.0,0.0,0.3934782608695652,1-13,1-16
1523035175216,36.2280487804878,53.980920582986315,33.2280487804878,73.0,0.0,0.37317073170731707,1-17,1-14
1523035175466,35.447524752475246,38.316553279090286,23.447524752475246,30.0,0.0,0.3603960396039604,2-24,2-22
1523035175883,36.04835164835165,49.50315662359618,31.048351648351648,67.0,0.0,0.421978021978022,2-22,2-24
1523035175891,35.116831683168314,46.31902362513479,28.116831683168318,44.0,0.0,0.41386138613861384,2-26,2-24
1523035176088,35.760176991150445,39.40708669433785,30.76017699115044,40.0,0.0,0.3805309734513274,1-16,1-19
1523035176095,35.09655172413793,42.71021799445105,31.09655172413793,37.0,0.0,0.41839080459770117,1-10,1-19
1523035184129,35.88529411764706,40.7035092272203,31.88529411764706,38.0,0.0,0.36666666666666664,1-14,1-17
1523035184639,35.94795918367347,37.45545501874219,30.94795918367347,37.062999999999874,0.0,0.3816326530612245,1-16,1-13
1523035184718,35.52844827586207,41.152638971462544,23.52844827586207,36.0,0.0,0.4379310344827586,1-19,1-10
1523035184901,35.36470588235294,38.99640138408304,23.36470588235294,30.0,0.0,0.41862745098039217,1-14,1-11
1523035185156,35.21727272727273,40.84824710743801,23.21727272727273,29.901000000000067,0.0,0.41545454545454547,2-24,2-26
1523035185258,35.985,45.884775,23.985,62.20100000000002,0.0,0.41875,1-19,1-16
1523035185259,35.265,40.426775,23.265,30.000999999999976,0.0,0.397,1-11,1-14
1523035185266,34.7304347826087,43.731682419659734,31.730434782608697,38.0,0.0,0.3934782608695652,1-13,1-16
1523035185267,36.16428571428571,54.17301020408163,33.16428571428571,73.0,0.0,0.3773809523809524,1-17,1-14
1523035185498,35.447524752475246,38.316553279090286,23.447524752475246,30.0,0.0,0.3603960396039604,2-24,2-22
1523035185943,35.950537634408605,49.72873627008902,30.9505376344086,67.0,0.0,0.4268817204301075,2-22,2-24
1523035185951,35.1688679245283,45.600728907084374,28.168867924528303,44.0,0.0,0.4169811320754717,2-26,2-24
1523035186145,35.705217391304345,39.38875538752363,30.70521739130435,40.0,0.0,0.38782608695652177,1-16,1-19
1523035186152,35.087640449438204,42.8440045448807,31.0876404494382,37.0,0.0,0.42359550561797754,1-10,1-19
1523035194163,35.92884615384615,40.287244822485206,31.928846153846155,38.0,0.0,0.3682692307692308,1-14,1-17
1523035194671,35.932,38.137376,30.932,37.00299999999993,0.0,0.391,1-16,1-13
1523035194759,35.49,41.246566666666666,23.49,36.0,0.0,0.44,1-19,1-10
1523035194937,35.36470588235294,38.99640138408304,23.36470588235294,30.0,0.0,0.41862745098039217,1-14,1-11
1523035195194,35.28947368421053,40.34953831948292,23.289473684210527,29.861000000000104,0.0,0.40964912280701754,2-24,2-26
1523035195314,36.03780487804878,45.516863474122545,24.03780487804878,62.18100000000004,0.0,0.41097560975609754,1-19,1-16
1523035195316,35.258252427184466,40.02456781977566,23.258252427184466,30.0,0.0,0.39805825242718446,1-11,1-14
1523035195323,34.673,43.576071,31.673,38.0,0.0,0.399,1-13,1-16
1523035195323,36.080232558139535,54.40867901568416,33.080232558139535,73.0,0.0,0.37790697674418605,1-17,1-14
1523035195535,35.53076923076923,37.970207100591715,23.53076923076923,30.0,0.0,0.35384615384615387,2-24,2-22
1523035196004,35.85510204081633,49.646351520199914,30.855102040816327,67.0,0.0,0.4316326530612245,2-22,2-24
1523035196013,35.1688679245283,45.600728907084374,28.168867924528303,44.0,0.0,0.4169811320754717,2-26,2-24
1523035196205,35.735897435897435,39.095207100591715,30.735897435897435,40.0,0.0,0.38461538461538464,1-16,1-19
1523035196213,35.087640449438204,42.8440045448807,31.0876404494382,37.0,0.0,0.42359550561797754,1-10,1-19
1523035204200,35.92884615384615,40.287244822485206,31.928846153846155,38.0,0.0,0.3682692307692308,1-14,1-17
1523035204707,35.97425742574257,37.939931379276544,30.974257425742575,37.0,0.0,0.38712871287128714,1-16,1-13
1523035204792,35.47107438016529,41.25081620107916,23.47107438016529,36.0,0.0,0.4396694214876033,1-19,1-10
1523035204968,35.33904761904762,38.80885623582766,23.33904761904762,30.0,0.0,0.4142857142857143,1-14,1-11
1523035205226,35.28947368421053,40.34953831948292,23.289473684210527,29.861000000000104,0.0,0.40964912280701754,2-24,2-26
1523035205372,36.0855421686747,45.15774277834228,24.0855421686747,62.17100000000005,0.0,0.40602409638554215,1-19,1-16
1523035205377,35.257009345794394,39.929273298978075,23.257009345794394,30.0,0.0,0.4046728971962617,1-11,1-14
1523035205381,34.69603960396039,43.44721203803549,31.696039603960397,38.0,0.0,0.401980198019802,1-13,1-16
1523035205384,36.11363636363637,53.65526859504132,33.11363636363637,73.0,0.0,0.37386363636363634,1-17,1-14
1523035205563,35.52897196261682,38.243553148746614,23.528971962616822,30.0,0.0,0.3532710280373832,2-24,2-22
1523035206062,35.8049504950495,49.1926487599255,30.804950495049503,67.0,0.0,0.43465346534653465,2-22,2-24
1523035206070,35.19166666666667,45.349375,28.191666666666666,44.0,0.0,0.4222222222222222,2-26,2-24
1523035206276,35.71404958677686,39.22732327026843,30.71404958677686,40.0,0.0,0.39008264462809916,1-16,1-19
1523035206285,35.032222222222224,43.29785061728395,31.032222222222224,37.0,0.0,0.4266666666666667,1-10,1-19
1523035214229,35.9188679245283,40.23492702029192,31.918867924528303,38.0,0.0,0.3754716981132076,1-14,1-17
1523035214743,36.01904761904762,37.447256235827666,31.01904761904762,37.0,0.0,0.38476190476190475,1-16,1-13
1523035214834,35.45245901639344,41.2542972319269,23.452459016393444,36.0,0.0,0.4418032786885246,1-19,1-10
1523035215006,35.28888888888889,39.455432098765435,23.288888888888888,30.0,0.0,0.4111111111111111,1-14,1-11
1523035215255,35.272413793103446,40.618894173602854,23.27241379310345,29.840999999999894,0.0,0.40948275862068967,2-24,2-26
1523035215430,35.98117647058824,45.23964567474048,23.981176470588235,62.150999999999954,0.0,0.4082352941176471,1-19,1-16
1523035215433,35.257009345794394,39.929273298978075,23.257009345794394,30.0,0.0,0.4046728971962617,1-11,1-14
1523035215439,34.69029126213592,44.174954284098405,31.690291262135922,38.0,0.0,0.4,1-13,1-16
1523035215440,36.15604395604396,52.77345248158435,33.15604395604396,73.0,0.0,0.367032967032967,1-17,1-14
1523035215601,35.55412844036697,38.04707011194344,23.554128440366974,30.0,0.0,0.3522935779816514,2-24,2-22
1523035216122,35.818627450980394,48.95043733179546,30.818627450980394,67.0,0.0,0.4343137254901961,2-22,2-24
1523035216130,35.14818181818182,45.85713305785124,28.14818181818182,44.0,0.0,0.42454545454545456,2-26,2-24
1523035216340,35.965322580645164,42.589926508844954,30.96532258064516,54.76099999999997,0.0,0.3879032258064516,1-16,1-19
1523035216348,35.09120879120879,43.13783480256008,31.091208791208793,37.0,0.0,0.421978021978022,1-10,1-19
1523035224266,35.88971962616822,40.31120272512883,31.889719626168223,38.0,0.0,0.3766355140186916,1-14,1-17
1523035224779,36.01904761904762,37.447256235827666,31.01904761904762,37.0,0.0,0.38476190476190475,1-16,1-13
1523035224871,35.41290322580645,41.26660770031217,23.412903225806453,36.0,0.0,0.43790322580645163,1-19,1-10
1523035225045,35.25625,39.60665736607143,23.25625,30.0,0.0,0.41160714285714284,1-14,1-11
1523035225296,35.34033613445378,40.31358308029094,23.340336134453782,29.810999999999922,0.0,0.4008403361344538,2-24,2-26
1523035225485,35.8816091954023,46.26299511163958,31.881609195402298,70.13099999999997,0.0,0.41954022988505746,1-19,1-16
1523035225490,35.266666666666666,39.64925925925926,23.266666666666666,30.0,0.0,0.40555555555555556,1-11,1-14
1523035225494,34.60462962962963,44.85757115912209,31.60462962962963,38.0,0.0,0.4046296296296296,1-13,1-16
1523035225497,36.025263157894734,53.06673019390582,33.025263157894734,73.0,0.0,0.3831578947368421,1-17,1-14
1523035225631,35.57,37.88328181818182,23.57,30.0,0.0,0.3518181818181818,2-24,2-22
1523035226178,35.78190476190476,48.45814875283447,30.781904761904762,67.0,0.0,0.439047619047619,2-22,2-24
1523035226187,35.197345132743365,45.53362127026392,28.19734513274336,44.0,0.0,0.42035398230088494,2-26,2-24
1523035226406,35.9547619047619,42.36382653061224,30.954761904761906,54.740999999999985,0.0,0.39126984126984127,1-16,1-19
1523035226414,35.024468085106385,43.5515289723857,31.02446808510638,37.0,0.0,0.425531914893617,1-10,1-19
1523035234303,35.928703703703704,40.10139831961591,31.928703703703704,38.0,0.0,0.3731481481481482,1-14,1-17
1523035234816,36.05849056603773,37.258843004627984,31.058490566037737,37.0,0.0,0.38113207547169814,1-16,1-13
1523035234914,35.41937984496124,41.6853608557178,23.41937984496124,36.0,0.0,0.43410852713178294,1-19,1-10
1523035235084,35.26283185840708,39.48047693633018,23.26283185840708,30.0,0.0,0.4097345132743363,1-14,1-11
1523035235335,35.39262295081967,39.954863611932275,23.39262295081967,29.78099999999995,0.0,0.3975409836065574,2-24,2-26
1523035235547,35.78666666666667,47.190044444444446,31.786666666666665,70.101,0.0,0.41888888888888887,1-19,1-16
1523035235551,35.314678899082566,39.536757006985944,23.31467889908257,30.0,0.0,0.4018348623853211,1-11,1-14
1523035235556,34.57889908256881,45.14102264119182,31.578899082568807,38.0,0.0,0.4091743119266055,1-13,1-16
1523035235559,35.99381443298969,52.76697204803911,32.99381443298969,73.0,0.0,0.3865979381443299,1-17,1-14
1523035235667,35.56902654867257,37.73373091079959,23.569026548672568,30.0,0.0,0.3504424778761062,2-24,2-22
1523035236239,35.75909090909091,48.122871900826446,30.759090909090908,67.0,0.0,0.43727272727272726,2-22,2-24
1523035236248,35.24051724137931,45.15335835315101,28.24051724137931,44.0,0.0,0.4163793103448276,2-26,2-24
1523035236473,36.021875,41.988583984375,31.021875,54.721000000000004,0.0,0.38515625,1-16,1-19
1523035236481,35.024468085106385,43.5515289723857,31.02446808510638,37.0,0.0,0.425531914893617,1-10,1-19
1523035244341,35.928703703703704,40.10139831961591,31.928703703703704,38.0,0.0,0.3731481481481482,1-14,1-17
1523035244854,36.03302752293578,37.176890834104874,31.03302752293578,37.0,0.0,0.37339449541284403,1-16,1-13
1523035244958,35.380152671755724,41.95624730493561,23.380152671755724,36.0,0.0,0.4312977099236641,1-19,1-10
1523035245124,35.23504273504273,39.35586602381474,23.235042735042736,30.0,0.0,0.41367521367521365,1-14,1-11
1523035245368,35.423809523809524,39.65054421768708,23.423809523809524,29.740999999999985,0.0,0.3952380952380952,2-24,2-26
1523035245603,35.78404255319149,47.10123472159348,31.78404255319149,70.06100000000004,0.0,0.42021276595744683,1-19,1-16
1523035245610,35.27079646017699,39.34436839219986,23.270796460176992,30.0,0.0,0.39646017699115044,1-11,1-14
1523035245613,34.58392857142857,44.90724170918367,31.583928571428572,38.0,0.0,0.4089285714285714,1-13,1-16
1523035245619,35.949,53.154399,32.949,73.0,0.0,0.394,1-17,1-14
1523035245701,35.561206896551724,37.534184750297264,23.561206896551724,30.0,0.0,0.3482758620689655,2-24,2-22
1523035246296,35.71071428571429,48.44488520408163,30.710714285714285,67.0,0.0,0.4401785714285714,2-22,2-24
1523035246305,35.23760683760684,45.047816494995985,28.237606837606837,44.0,0.0,0.41367521367521365,2-26,2-24
1523035246537,36.00909090909091,42.152947658402205,31.009090909090908,54.68100000000004,0.0,0.38636363636363635,1-16,1-19
1523035246545,34.909278350515464,44.04331597406738,30.909278350515464,37.0,0.0,0.42783505154639173,1-10,1-19
1523035254379,35.92,39.89723636363637,31.92,38.0,0.0,0.37363636363636366,1-14,1-17
1523035254893,36.02272727272727,37.17311983471075,31.022727272727273,37.0,0.0,0.37272727272727274,1-16,1-13
1523035255002,35.39393939393939,41.85844811753903,23.393939393939394,36.0,0.0,0.4287878787878788,1-19,1-10
1523035255164,35.18333333333333,39.283055555555556,23.183333333333334,30.0,0.0,0.4175,1-14,1-11
1523035255409,35.423809523809524,39.65054421768708,23.423809523809524,29.740999999999985,0.0,0.3952380952380952,2-24,2-26
1523035255669,35.78404255319149,47.10123472159348,31.78404255319149,70.06100000000004,0.0,0.42021276595744683,1-19,1-16
1523035255678,35.28290598290598,38.987485572357365,23.282905982905984,30.0,0.0,0.40512820512820513,1-11,1-14
1523035255678,34.636842105263156,44.57162511542013,31.63684210526316,38.0,0.0,0.4017543859649123,1-13,1-16
1523035255686,35.955882352941174,52.73236735870819,32.955882352941174,73.0,0.0,0.396078431372549,1-17,1-14
1523035255735,35.5974358974359,37.36700197238659,23.597435897435897,30.0,0.0,0.3452991452991453,2-24,2-22
1523035256365,35.6858407079646,48.41015349674994,30.6858407079646,67.0,0.0,0.4389380530973451,2-22,2-24
1523035256374,35.32619439868204,44.69096129993568,28.32619439868204,44.0,0.0,0.4135090609555189,2-26,2-24
1523035256605,36.00909090909091,42.152947658402205,31.009090909090908,54.68100000000004,0.0,0.38636363636363635,1-16,1-19
1523035256613,34.977,44.046471,30.977,37.0,0.0,0.425,1-10,1-19
1523035264417,35.96106194690265,39.56131568642807,31.961061946902653,38.0,0.0,0.37079646017699114,1-14,1-17
1523035264930,36.04690265486725,36.9261187250372,31.046902654867257,37.0,0.0,0.36902654867256635,1-16,1-13
1523035265045,35.39248120300752,41.824905873706825,23.39248120300752,36.0,0.0,0.4270676691729323,1-19,1-10
1523035265205,35.2,39.204628099173554,23.2,30.0,0.0,0.4206611570247934,1-14,1-11
1523035265447,35.41259842519685,39.609290098580196,23.41259842519685,29.730999999999995,0.0,0.3952755905511811,2-24,2-26
1523035265729,35.75463917525773,47.16660218939313,31.754639175257733,70.03099999999995,0.0,0.4195876288659794,1-19,1-16
1523035265738,34.627826086956524,44.466703969754256,31.62782608695652,38.0,0.0,0.4026086956521739,1-13,1-16
1523035265745,35.24957983193277,38.95703763858484,23.249579831932774,30.0,0.0,0.40336134453781514,1-11,1-14
1523035265754,35.955882352941174,52.73236735870819,32.955882352941174,73.0,0.0,0.396078431372549,1-17,1-14
1523035265775,35.62833333333333,36.89686388888889,23.628333333333334,30.0,0.0,0.3475,2-24,2-22
1523035266435,35.702608695652174,48.0211236294896,30.702608695652174,67.0,0.0,0.44608695652173913,2-22,2-24
1523035266444,35.49593495934959,52.0808777843876,28.495934959349594,71.0,0.0,0.4113821138211382,2-26,2-24
1523035266669,36.01185185185185,41.90060027434842,31.01185185185185,54.65100000000007,0.0,0.38814814814814813,1-16,1-19
1523035266677,35.0019801980198,43.87326340554848,31.0019801980198,37.0,0.0,0.4297029702970297,1-10,1-19
1523035274454,36.017391304347825,39.17534971644612,32.017391304347825,38.0,0.0,0.3695652173913043,1-14,1-17
1523035274968,36.01130434782608,37.60943742911153,31.011304347826087,37.0,0.0,0.36869565217391304,1-16,1-13
1523035275088,35.28175182481752,43.20090788001492,23.28175182481752,36.0,0.0,0.43284671532846714,1-19,1-10
1523035275240,35.12357723577236,40.108305902571225,23.12357723577236,30.0,0.0,0.42032520325203254,1-14,1-11
1523035275489,35.40546875,39.56762634277344,23.40546875,29.721000000000004,0.0,0.3921875,2-24,2-26
1523035275794,35.73131313131313,46.89346393225181,31.731313131313133,70.01099999999997,0.0,0.41818181818181815,1-19,1-16
1523035275804,34.64273504273504,44.5031309810797,31.642735042735044,38.0,0.0,0.3974358974358974,1-13,1-16
1523035275809,35.266666666666666,38.88388888888889,23.266666666666666,30.0,0.0,0.4033333333333333,1-11,1-14
1523035275815,35.62833333333333,36.89686388888889,23.628333333333334,30.0,0.0,0.3475,2-24,2-22
1523035275818,35.95420560747664,52.03995894837977,32.95420560747664,73.0,0.0,0.394392523364486,1-17,1-14
1523035276500,35.71623931623932,47.73999269486449,30.716239316239317,67.0,0.0,0.4444444444444444,2-22,2-24
1523035276510,35.46774193548387,52.29573361082206,28.467741935483872,71.0,0.0,0.4120967741935484,2-26,2-24
1523035276748,35.97536231884058,41.91678428901491,30.97536231884058,54.621000000000095,0.0,0.3884057971014493,1-16,1-19
1523035276756,35.046601941747575,43.62695447261759,31.04660194174757,37.0,0.0,0.42815533980582526,1-10,1-19
1523035284489,36.017391304347825,39.17534971644612,32.017391304347825,38.0,0.0,0.3695652173913043,1-14,1-17
1523035285006,36.05948275862069,37.336979042806185,31.05948275862069,36.0,0.0,0.36551724137931035,1-16,1-13
1523035285133,35.31798561151079,43.01543191346204,23.317985611510792,36.0,0.0,0.43237410071942445,1-19,1-10
1523035285281,35.0096,40.84310784,23.0096,30.0,0.0,0.4192,1-14,1-11
1523035285532,35.45725190839695,39.36267641745819,23.457251908396948,29.69100000000003,0.0,0.39236641221374047,2-24,2-26
1523035285850,35.58606557377049,36.71144517602795,23.58606557377049,30.0,0.0,0.35737704918032787,2-24,2-22
1523035285858,35.74545454545454,46.60389348025711,31.745454545454546,70.01099999999997,0.0,0.4161616161616162,1-19,1-16
1523035285868,34.69,44.00723333333333,31.69,38.0,0.0,0.395,1-13,1-16
1523035285877,35.312295081967214,38.59509473259877,23.312295081967214,30.0,0.0,0.4024590163934426,1-11,1-14
1523035285885,35.95420560747664,52.03995894837977,32.95420560747664,73.0,0.0,0.394392523364486,1-17,1-14
1523035286574,35.635897435897434,47.35973701512163,30.635897435897437,67.0,0.0,0.44529914529914527,2-22,2-24
1523035286584,35.49920634920635,52.20555492567397,28.49920634920635,71.0,0.0,0.4126984126984127,2-26,2-24
1523035286814,35.97536231884058,41.86316110060912,30.97536231884058,54.621000000000095,0.0,0.38115942028985506,1-16,1-19
1523035286822,35.073076923076925,43.346582840236685,31.073076923076922,37.0,0.0,0.42403846153846153,1-10,1-19
1523035294526,35.93931623931624,39.16982175469355,31.939316239316238,38.0,0.0,0.38290598290598293,1-14,1-17
1523035295043,36.0551724137931,37.15040428061831,31.055172413793102,36.0,0.0,0.3646551724137931,1-16,1-13
1523035295180,35.226573426573424,43.30251063621693,23.226573426573427,36.0,0.0,0.43916083916083914,1-19,1-10
1523035295322,34.96178861788618,41.11480005287858,22.961788617886178,30.0,0.0,0.41300813008130083,1-14,1-11
1523035295583,35.48461538461538,39.33437869822485,23.484615384615385,29.701000000000022,0.0,0.38461538461538464,2-24,2-26
1523035295891,35.59173553719008,36.740758144935455,23.591735537190083,30.0,0.0,0.3495867768595041,2-24,2-22
1523035295925,35.68349514563107,46.30564991987934,31.683495145631067,70.0,0.0,0.41650485436893203,1-19,1-16
1523035295934,34.728813559322035,44.15018672795174,31.728813559322035,38.0,0.0,0.38813559322033897,1-13,1-16
1523035295946,35.35378151260504,38.344586540498554,23.353781512605043,30.0,0.0,0.39243697478991596,1-11,1-14
1523035295954,36.09047619047619,52.06133786848073,33.09047619047619,73.0,0.0,0.3933333333333333,1-17,1-14
1523035296643,35.64,46.7654,30.64,67.0,0.0,0.44,2-22,2-24
1523035296652,35.403149606299216,52.93195858391717,28.403149606299213,71.0,0.0,0.41811023622047244,2-26,2-24
1523035296879,35.96449275362319,41.316855177483724,30.964492753623187,54.621000000000095,0.0,0.37028985507246376,1-16,1-19
1523035296887,34.97450980392157,44.4777816224529,30.974509803921567,37.0,0.0,0.4284313725490196,1-10,1-19
1523035304559,35.9,39.11905982905983,31.9,38.0,0.0,0.3888888888888889,1-14,1-17
1523035305081,36.0858407079646,37.354578275511,31.085840707964604,36.0,0.0,0.3584070796460177,1-16,1-13
1523035305237,35.207692307692305,43.2149058633674,23.20769230769231,36.0,0.0,0.4461538461538462,1-19,1-10
1523035305374,34.98,41.0404,22.98,30.0,0.0,0.42,1-14,1-11
1523035305626,35.47692307692308,39.158698224852074,23.476923076923075,29.701000000000022,0.0,0.3853846153846154,2-24,2-26
1523035305931,35.52521008403362,36.53171739283949,23.525210084033613,30.0,0.0,0.3554621848739496,2-24,2-22
1523035305991,35.675,46.392451923076926,31.675,70.0,0.0,0.42403846153846153,1-19,1-16
1523035306001,34.880833333333335,42.27496597222222,31.88083333333333,38.0,0.0,0.38416666666666666,1-13,1-16
1523035306013,35.365254237288134,39.23692832519391,31.365254237288134,38.0,0.0,0.3898305084745763,1-11,1-14
1523035306021,36.06666666666667,52.07174603174603,33.06666666666667,73.0,0.0,0.40190476190476193,1-17,1-14
1523035306715,35.54876033057851,47.191424083054436,30.548760330578514,67.0,0.0,0.4462809917355372,2-22,2-24
1523035306725,35.403149606299216,52.93195858391717,28.403149606299213,71.0,0.0,0.41811023622047244,2-26,2-24
1523035306949,35.831944444444446,42.120368441358025,30.831944444444446,54.56099999999992,0.0,0.3659722222222222,1-16,1-19
1523035306957,35.06633663366337,43.430252916380745,31.066336633663365,37.0,0.0,0.42376237623762375,1-10,1-19
1523035314595,35.909565217391304,39.167473724007564,31.909565217391304,38.0,0.0,0.38,1-14,1-17
1523035315114,36.10956521739131,37.107995463137996,31.109565217391303,36.0,0.0,0.3521739130434783,1-16,1-13
1523035315281,35.209154929577466,43.285127454870064,23.209154929577466,36.0,0.0,0.447887323943662,1-19,1-10
1523035315415,34.89370078740158,41.65248000496001,22.893700787401574,30.0,0.0,0.42992125984251967,1-14,1-11
1523035315663,35.5125,39.14359375,23.5125,29.721000000000004,0.0,0.39140625,2-24,2-26
1523035315969,35.54666666666667,36.446155555555556,23.546666666666667,30.0,0.0,0.3541666666666667,2-24,2-22
1523035316059,35.722115384615385,46.27566475591716,31.722115384615385,70.0,0.0,0.4153846153846154,1-19,1-16
1523035316068,34.918103448275865,41.221741230677765,22.91810344827586,29.0,0.0,0.3896551724137931,1-13,1-16
1523035316088,35.40169491525424,39.10474288997415,31.401694915254236,38.0,0.0,0.38813559322033897,1-11,1-14
1523035316097,36.1,51.680654205607475,33.1,73.0,0.0,0.40186915887850466,1-17,1-14
1523035316785,35.577777777777776,46.46458553791887,30.57777777777778,67.0,0.0,0.4388888888888889,2-22,2-24
1523035316795,35.32047244094488,54.532730485460974,31.320472440944883,74.0,0.0,0.4188976377952756,2-26,2-24
1523035317012,35.76896551724138,42.500416171224735,30.76896551724138,54.55099999999993,0.0,0.3813793103448276,1-16,1-19
1523035317020,35.042857142857144,43.902244897959186,31.042857142857144,37.0,0.0,0.42448979591836733,1-10,1-19
1523035324630,35.9018018018018,38.11558233909585,31.901801801801803,38.0,0.0,0.3891891891891892,1-14,1-17
1523035325154,36.11052631578947,36.49304709141274,31.110526315789475,36.0,0.0,0.34912280701754383,1-16,1-13
1523035325326,35.23216783216783,43.22441977602817,23.232167832167832,36.0,0.0,0.43916083916083914,1-19,1-10
1523035325455,34.9824,40.482890239999996,22.9824,30.0,0.0,0.4272,1-14,1-11
1523035325704,35.59453125,38.52856384277344,23.59453125,29.721000000000004,0.0,0.38203125,2-24,2-26
1523035326009,35.49586776859504,36.550809370944606,23.49586776859504,30.0,0.0,0.35206611570247937,2-24,2-22
1523035326133,35.728155339805824,46.364935432180225,31.728155339805824,70.0,0.0,0.4145631067961165,1-19,1-16
1523035326143,34.94695652173913,40.869360302457466,22.946956521739132,29.0,0.0,0.38869565217391305,1-13,1-16
1523035326157,35.352892561983474,39.05811146779592,31.35289256198347,38.0,0.0,0.3925619834710744,1-11,1-14
1523035326165,36.16388888888889,50.525918209876544,33.16388888888889,73.0,0.0,0.40185185185185185,1-17,1-14
1523035326858,35.600787401574806,46.20047182094364,30.600787401574802,67.0,0.0,0.4401574803149606,2-22,2-24
1523035326868,35.276984126984125,54.94629566641471,31.27698412698413,74.0,0.0,0.41904761904761906,2-26,2-24
1523035327081,35.8,41.94888888888889,30.8,54.56099999999992,0.0,0.37430555555555556,1-16,1-19
1523035327089,35.13333333333333,43.24484848484848,31.133333333333333,37.0,0.0,0.4212121212121212,1-10,1-19
